ID,CODIGO_MES,MES,ANIO,CODIGO_CLASIFICACION_SUELO,CLASIFICACION_SUELO,CODIGO_TIPO_SISTEMA_ESTRUCTURAL,TIPO_SISTEMA_ESTRUCTURAL,CODIGO_PROVINCIA,PROVINCIA,CODIGO_TIPOLOGIA,TIPOLOGIA,CANTIDAD_EDIFICACIONES,UNIDADES_HABITACIONALES,LOCALES_COMERCIALES_OFICINAS,CANTIDAD_USO_DORMITORIOS,MTS2_TASACION,VALOR_TASADO,PERIMETRO_CONSTRUCCION,EXTENSION_SOLAR_MTS2,INDICE_CONSTRUCCION_PCT,VALOR_TASADO_M2
1,1,ENERO,2025,2,URBANO,4,SISTEMA COMBINADO,25,SANTIAGO,3,COMBINADOS,0,0,0,0,0.0,0.0,0.0,2908.06,0.0,0.0
2,1,ENERO,2025,2,URBANO,4,SISTEMA COMBINADO,13,LA VEGA,11,CENTROS DE SALUD,0,0,0,0,0.0,0.0,0.0,1230.0,0.0,0.0
3,1,ENERO,2025,2,URBANO,1,SISTEMA APORTICADO,32,SANTO DOMINGO,6,COMERCIAL Y OFICINAS,0,0,0,0,0.0,0.0,0.0,3478.34,0.0,0.0
4,1,ENERO,2025,2,URBANO,1,SISTEMA APORTICADO,32,SANTO DOMINGO,2,APARTAMENTOS,1,20,0,40,2258.93,33148998.75,376.0,599.9,62.677112852142024,14674.646292713807
5,1,ENERO,2025,2,URBANO,1,SISTEMA APORTICADO,11,LA ALTAGRACIA,1,VIVIENDAS,1,1,0,4,999.28,13490280.0,450.0,1039.59,43.286295558826076,13500.0
6,1,ENERO,2025,2,URBANO,2,SISTEMA DE MUROS,13,LA VEGA,2,APARTAMENTOS,1,8,0,24,1268.9,21412687.5,287.3,509.1,56.432920840699275,16875.0
7,1,ENERO,2025,2,URBANO,2,SISTEMA DE MUROS,18,PUERTO PLATA,2,APARTAMENTOS,1,6,0,9,832.71,12490650.0,277.0,709.19,39.05864436892793,15000.0
8,1,ENERO,2025,2,URBANO,1,SISTEMA APORTICADO,1,DISTRITO NACIONAL,2,APARTAMENTOS,1,8,0,16,1065.86,15270498.0,213.0,312.31,68.2014664916269,14326.926613251273
9,1,ENERO,2025,2,URBANO,2,SISTEMA DE MUROS,11,LA ALTAGRACIA,3,COMBINADOS,23,374,34,640,57576.35,971600906.25,36308.16,66657.8,54.469484441430716,16875.0
10,1,ENERO,2025,2,URBANO,2,SISTEMA DE MUROS,25,SANTIAGO,2,APARTAMENTOS,1,3,0,9,398.5,5977500.0,133.0,227.88,58.36405125504651,15000.0
11,1,ENERO,2025,2,URBANO,2,SISTEMA DE MUROS,13,LA VEGA,1,VIVIENDAS,1,1,0,3,322.3,4351050.0,161.0,362.18,44.453034402783146,13500.0
12,1,ENERO,2025,2,URBANO,2,SISTEMA DE MUROS,11,LA ALTAGRACIA,1,VIVIENDAS,4,20,0,28,2093.16,25117920.0,1046.5,3517.54,29.75090546234016,12000.0
13,1,ENERO,2025,2,URBANO,1,SISTEMA APORTICADO,25,SANTIAGO,2,APARTAMENTOS,1,22,0,59,6528.42,122163059.25,725.0,1120.5,64.70325747434181,18712.5
14,1,ENERO,2025,2,URBANO,4,SISTEMA COMBINADO,32,SANTO DOMINGO,14,ESTRUCTURAS ESPECIALES,9,0,0,0,6627.0,89464500.0,6627.0,10502.96,63.096498510895984,13500.0
15,1,ENERO,2025,2,URBANO,1,SISTEMA APORTICADO,32,SANTO DOMINGO,6,COMERCIAL Y OFICINAS,1,0,9,0,475.73,6422355.0,237.865,557.89,42.636541253652155,13500.0
16,1,ENERO,2025,2,URBANO,2,SISTEMA DE MUROS,25,SANTIAGO,2,APARTAMENTOS,15,120,0,360,11729.5,158348250.0,2939.94,8323.19,35.32227427224417,13500.0
17,1,ENERO,2025,2,URBANO,2,SISTEMA DE MUROS,25,SANTIAGO,6,COMERCIAL Y OFICINAS,1,0,0,0,711.5,10672500.0,366.1,1034.39,35.39284022467348,15000.0
18,1,ENERO,2025,2,URBANO,2,SISTEMA DE MUROS,17,PERAVIA,2,APARTAMENTOS,1,18,0,34,1697.32,22913820.0,566.0,1722.64,32.856545766962334,13500.0
19,1,ENERO,2025,2,URBANO,1,SISTEMA APORTICADO,1,DISTRITO NACIONAL,6,COMERCIAL Y OFICINAS,0,0,0,0,0.0,0.0,0.0,6674.85,0.0,0.0
20,1,ENERO,2025,2,URBANO,4,SISTEMA COMBINADO,1,DISTRITO NACIONAL,2,APARTAMENTOS,0,0,0,0,0.0,0.0,0.0,1051.12,0.0,0.0
21,1,ENERO,2025,3,SUB URBANO,4,SISTEMA COMBINADO,32,SANTO DOMINGO,14,ESTRUCTURAS ESPECIALES,0,0,0,0,0.0,0.0,0.0,567232.69,0.0,0.0
22,1,ENERO,2025,2,URBANO,2,SISTEMA DE MUROS,25,SANTIAGO,2,APARTAMENTOS,1,4,0,12,589.68,8845200.0,147.42,400.18,36.838422709780595,15000.000000000002
23,1,ENERO,2025,2,URBANO,4,SISTEMA COMBINADO,11,LA ALTAGRACIA,19,APARTAMENTOS Y VIVIENDAS,0,0,0,0,0.0,0.0,0.0,154969.69,0.0,0.0
24,1,ENERO,2025,2,URBANO,3,SISTEMA DUALES,11,LA ALTAGRACIA,5,HOSPEDAJE,0,0,0,0,0.0,0.0,0.0,14858.68,0.0,0.0
25,1,ENERO,2025,2,URBANO,4,SISTEMA COMBINADO,11,LA ALTAGRACIA,3,COMBINADOS,0,0,0,0,0.0,0.0,0.0,10820.08,0.0,0.0
26,1,ENERO,2025,2,URBANO,1,SISTEMA APORTICADO,11,LA ALTAGRACIA,2,APARTAMENTOS,0,0,0,0,0.0,0.0,0.0,145147.5,0.0,0.0
27,1,ENERO,2025,2,URBANO,2,SISTEMA DE MUROS,18,PUERTO PLATA,2,APARTAMENTOS,1,8,0,20,975.7,14634900.0,243.925,649.64,37.547718736531,14999.385056882238
28,1,ENERO,2025,2,URBANO,1,SISTEMA APORTICADO,1,DISTRITO NACIONAL,1,VIVIENDAS,1,1,0,4,624.5,8430750.0,312.0,500.0,62.4,13500.0
29,1,ENERO,2025,2,URBANO,2,SISTEMA DE MUROS,19,HERMANAS MIRABAL,2,APARTAMENTOS,0,0,0,0,0.0,0.0,0.0,506.98,0.0,0.0
30,1,ENERO,2025,2,URBANO,2,SISTEMA DE MUROS,13,LA VEGA,1,VIVIENDAS,0,0,0,0,0.0,0.0,0.0,512.2,0.0,0.0
31,1,ENERO,2025,2,URBANO,2,SISTEMA DE MUROS,27,VALVERDE,2,APARTAMENTOS,1,40,0,120,5978.87,111879604.87,598.0,2655.12,22.52252252252252,18712.499999163723
32,1,ENERO,2025,2,URBANO,2,SISTEMA DE MUROS,32,SANTO DOMINGO,2,APARTAMENTOS,1,15,0,39,1587.88,24413655.0,317.4,784.51,40.45837529158327,15374.999999999998
33,1,ENERO,2025,2,URBANO,1,SISTEMA APORTICADO,32,SANTO DOMINGO,6,COMERCIAL Y OFICINAS,1,0,27,0,1627.0,24357225.0,252.86,600.0,42.14333333333334,14970.636140135219
34,1,ENERO,2025,2,URBANO,2,SISTEMA DE MUROS,21,SAN CRISTOBAL,2,APARTAMENTOS,0,0,0,0,0.0,0.0,0.0,10079.89,0.0,0.0
35,1,ENERO,2025,2,URBANO,1,SISTEMA APORTICADO,1,DISTRITO NACIONAL,6,COMERCIAL Y OFICINAS,1,0,69,0,66139.17,882108031.17,7000.0,14030.51,49.89127266221969,13337.150000068039
36,1,ENERO,2025,2,URBANO,4,SISTEMA COMBINADO,20,SAMANA,5,HOSPEDAJE,0,0,0,0,0.0,0.0,0.0,5826.84,0.0,0.0
37,1,ENERO,2025,2,URBANO,4,SISTEMA COMBINADO,1,DISTRITO NACIONAL,11,CENTROS DE SALUD,1,3,0,6,630.0,9686250.0,210.0,374.26,56.11072516432427,15375.0
38,1,ENERO,2025,2,URBANO,2,SISTEMA DE MUROS,23,SAN PEDRO DE MACORIS,1,VIVIENDAS,1,1,0,4,471.17,6360795.0,242.3,897.47,26.998116928699567,13500.0
39,1,ENERO,2025,2,URBANO,1,SISTEMA APORTICADO,1,DISTRITO NACIONAL,2,APARTAMENTOS,1,48,0,48,11176.56,187507210.5,670.0,693.22,96.6504140099824,16776.826724859886
40,1,ENERO,2025,2,URBANO,2,SISTEMA DE MUROS,25,SANTIAGO,2,APARTAMENTOS,0,0,0,0,0.0,0.0,0.0,277.14,0.0,0.0
41,1,ENERO,2025,2,URBANO,2,SISTEMA DE MUROS,11,LA ALTAGRACIA,2,APARTAMENTOS,0,0,0,0,0.0,0.0,0.0,6799.94,0.0,0.0
42,1,ENERO,2025,2,URBANO,2,SISTEMA DE MUROS,32,SANTO DOMINGO,2,APARTAMENTOS,1,4,0,11,774.03,11700438.75,298.55,298.55,100.0,15116.26002868106
43,1,ENERO,2025,2,URBANO,2,SISTEMA DE MUROS,25,SANTIAGO,14,ESTRUCTURAS ESPECIALES,1,0,0,0,2939.09,45188508.75,2939.09,28238.95,10.407929473298406,15375.0
44,1,ENERO,2025,2,URBANO,2,SISTEMA DE MUROS,25,SANTIAGO,2,APARTAMENTOS,0,0,0,0,0.0,0.0,0.0,1575.33,0.0,0.0
45,1,ENERO,2025,2,URBANO,1,SISTEMA APORTICADO,1,DISTRITO NACIONAL,6,COMERCIAL Y OFICINAS,0,0,0,0,0.0,0.0,0.0,798.27,0.0,0.0
46,1,ENERO,2025,2,URBANO,1,SISTEMA APORTICADO,32,SANTO DOMINGO,2,APARTAMENTOS,0,0,0,0,0.0,0.0,0.0,248.04,0.0,0.0
47,1,ENERO,2025,2,URBANO,1,SISTEMA APORTICADO,32,SANTO DOMINGO,2,APARTAMENTOS,1,12,0,28,1379.51,19915398.0,444.84,445.75,99.79584969153112,14436.573855934354
48,1,ENERO,2025,2,URBANO,2,SISTEMA DE MUROS,25,SANTIAGO,2,APARTAMENTOS,2,16,0,48,1796.24,26943600.0,435.06,1466.75,29.661496505880347,15000.0
49,1,ENERO,2025,2,URBANO,1,SISTEMA APORTICADO,27,VALVERDE,1,VIVIENDAS,0,0,0,0,0.0,0.0,0.0,611.02,0.0,0.0
50,1,ENERO,2025,2,URBANO,1,SISTEMA APORTICADO,1,DISTRITO NACIONAL,2,APARTAMENTOS,1,16,0,32,1389.0,20500257.0,701.13,701.13,100.0,14759.004319654428
51,1,ENERO,2025,2,URBANO,1,SISTEMA APORTICADO,1,DISTRITO NACIONAL,1,VIVIENDAS,1,1,0,3,274.0,3596250.0,137.0,212.99,64.32226865111038,13125.0
52,1,ENERO,2025,2,URBANO,2,SISTEMA DE MUROS,26,SANTIAGO RODRIGUEZ,2,APARTAMENTOS,1,5,0,16,829.13,12436950.0,276.0,443.48,62.235050058627216,15000.0
53,1,ENERO,2025,2,URBANO,1,SISTEMA APORTICADO,11,LA ALTAGRACIA,3,COMBINADOS,3,107,0,192,45550.0,842959687.0,42566.24,119280.99,35.68568637802218,18506.24998902305
54,1,ENERO,2025,2,URBANO,4,SISTEMA COMBINADO,1,DISTRITO NACIONAL,1,VIVIENDAS,2,2,0,6,572.0,7617375.0,286.0,621.74,45.99993566442564,13317.089160839161
55,1,ENERO,2025,2,URBANO,2,SISTEMA DE MUROS,32,SANTO DOMINGO,2,APARTAMENTOS,1,8,0,24,720.23,9723105.0,180.0,415.13,43.359911353070125,13500.0
56,1,ENERO,2025,2,URBANO,1,SISTEMA APORTICADO,1,DISTRITO NACIONAL,6,COMERCIAL Y OFICINAS,0,0,0,0,0.0,0.0,0.0,4689.22,0.0,0.0
57,1,ENERO,2025,2,URBANO,2,SISTEMA DE MUROS,32,SANTO DOMINGO,2,APARTAMENTOS,1,8,0,24,847.57,11442195.0,202.0,581.6,34.73177441540577,13500.0
58,1,ENERO,2025,2,URBANO,2,SISTEMA DE MUROS,20,SAMANA,1,VIVIENDAS,1,1,0,4,589.95,7964325.0,424.05,3673.4,11.54380138291501,13499.999999999998
59,1,ENERO,2025,2,URBANO,2,SISTEMA DE MUROS,18,PUERTO PLATA,2,APARTAMENTOS,0,0,0,0,0.0,0.0,0.0,932.4,0.0,0.0
60,1,ENERO,2025,2,URBANO,2,SISTEMA DE MUROS,32,SANTO DOMINGO,2,APARTAMENTOS,0,48,0,144,0.0,0.0,0.0,205995.11,0.0,0.0
61,1,ENERO,2025,2,URBANO,1,SISTEMA APORTICADO,1,DISTRITO NACIONAL,6,COMERCIAL Y OFICINAS,1,0,0,0,1878.61,26770192.5,469.6525,609.34,77.07560639380311,14250.0
62,1,ENERO,2025,2,URBANO,1,SISTEMA APORTICADO,1,DISTRITO NACIONAL,6,COMERCIAL Y OFICINAS,0,0,0,0,0.0,0.0,0.0,625.0,0.0,0.0
63,1,ENERO,2025,2,URBANO,1,SISTEMA APORTICADO,32,SANTO DOMINGO,3,COMBINADOS,0,0,18,0,0.0,0.0,0.0,532.0,0.0,0.0
64,1,ENERO,2025,2,URBANO,2,SISTEMA DE MUROS,32,SANTO DOMINGO,1,VIVIENDAS,3,3,0,9,397.6,4830840.0,519.54,519.54,100.0,12150.0
65,1,ENERO,2025,2,URBANO,2,SISTEMA DE MUROS,21,SAN CRISTOBAL,2,APARTAMENTOS,0,0,0,0,0.0,0.0,0.0,315.77,0.0,0.0
66,1,ENERO,2025,2,URBANO,4,SISTEMA COMBINADO,1,DISTRITO NACIONAL,2,APARTAMENTOS,2,23,0,41,1796.24,27011922.0,399.76,1051.12,38.031813684450874,15038.036119894892
67,1,ENERO,2025,2,URBANO,1,SISTEMA APORTICADO,1,DISTRITO NACIONAL,2,APARTAMENTOS,0,0,0,0,0.0,0.0,0.0,622.8,0.0,0.0
68,1,ENERO,2025,2,URBANO,2,SISTEMA DE MUROS,1,DISTRITO NACIONAL,2,APARTAMENTOS,1,36,0,42,4566.68,67606867.5,763.43,763.43,100.0,14804.380315677909
69,1,ENERO,2025,2,URBANO,2,SISTEMA DE MUROS,32,SANTO DOMINGO,2,APARTAMENTOS,0,0,0,0,0.0,0.0,0.0,276134.8,0.0,0.0
70,1,ENERO,2025,2,URBANO,2,SISTEMA DE MUROS,25,SANTIAGO,2,APARTAMENTOS,0,0,0,0,0.0,0.0,0.0,2347.38,0.0,0.0
71,1,ENERO,2025,2,URBANO,2,SISTEMA DE MUROS,11,LA ALTAGRACIA,1,VIVIENDAS,0,0,0,0,0.0,0.0,0.0,5788.3,0.0,0.0
72,1,ENERO,2025,2,URBANO,1,SISTEMA APORTICADO,12,LA ROMANA,6,COMERCIAL Y OFICINAS,0,0,0,0,0.0,0.0,0.0,2935.27,0.0,0.0
73,1,ENERO,2025,2,URBANO,2,SISTEMA DE MUROS,12,LA ROMANA,1,VIVIENDAS,0,0,0,0,0.0,0.0,0.0,353.79,0.0,0.0
74,1,ENERO,2025,2,URBANO,2,SISTEMA DE MUROS,12,LA ROMANA,1,VIVIENDAS,0,0,0,0,0.0,0.0,0.0,1437.53,0.0,0.0
75,1,ENERO,2025,2,URBANO,1,SISTEMA APORTICADO,11,LA ALTAGRACIA,6,COMERCIAL Y OFICINAS,0,0,0,0,0.0,0.0,0.0,9094.77,0.0,0.0
76,1,ENERO,2025,2,URBANO,2,SISTEMA DE MUROS,11,LA ALTAGRACIA,1,VIVIENDAS,0,0,0,0,0.0,0.0,0.0,155362.68,0.0,0.0
77,1,ENERO,2025,2,URBANO,2,SISTEMA DE MUROS,32,SANTO DOMINGO,2,APARTAMENTOS,1,8,0,23,970.94,12962335.5,180.45,400.0,45.1125,13350.295074875892
78,1,ENERO,2025,2,URBANO,2,SISTEMA DE MUROS,25,SANTIAGO,2,APARTAMENTOS,1,6,0,18,761.77,11426550.0,248.34,573.37,43.31234630343408,15000.0
79,1,ENERO,2025,2,URBANO,1,SISTEMA APORTICADO,25,SANTIAGO,6,COMERCIAL Y OFICINAS,0,0,0,0,0.0,0.0,0.0,2710.32,0.0,0.0
80,1,ENERO,2025,2,URBANO,1,SISTEMA APORTICADO,26,SANTIAGO RODRIGUEZ,11,CENTROS DE SALUD,0,0,0,0,0.0,0.0,0.0,6500.17,0.0,0.0
81,1,ENERO,2025,2,URBANO,2,SISTEMA DE MUROS,25,SANTIAGO,2,APARTAMENTOS,0,0,0,0,0.0,0.0,0.0,609.64,0.0,0.0
82,1,ENERO,2025,3,SUB URBANO,4,SISTEMA COMBINADO,6,DUARTE,14,ESTRUCTURAS ESPECIALES,3,0,0,0,3092.96,46393223.0,3092.96,80157.0,3.858627443641853,14999.619458382907
83,1,ENERO,2025,2,URBANO,2,SISTEMA DE MUROS,6,DUARTE,2,APARTAMENTOS,1,4,0,12,572.4,8586000.0,269.74,477.61,56.477041937982875,15000.0
84,1,ENERO,2025,2,URBANO,2,SISTEMA DE MUROS,24,SANCHEZ RAMIREZ,2,APARTAMENTOS,1,6,0,14,399.0,5387310.0,200.0,404.08,49.49514947535142,13502.03007518797
85,1,ENERO,2025,2,URBANO,4,SISTEMA COMBINADO,1,DISTRITO NACIONAL,2,APARTAMENTOS,0,0,0,0,0.0,0.0,0.0,895.86,0.0,0.0
86,1,ENERO,2025,2,URBANO,2,SISTEMA DE MUROS,32,SANTO DOMINGO,19,APARTAMENTOS Y VIVIENDAS,0,0,0,0,0.0,0.0,0.0,58879.68,0.0,0.0
87,1,ENERO,2025,2,URBANO,2,SISTEMA DE MUROS,25,SANTIAGO,2,APARTAMENTOS,1,24,0,62,3580.09,66992434.13,597.0,1228.54,48.594266364953526,18712.500001396613
88,1,ENERO,2025,2,URBANO,2,SISTEMA DE MUROS,25,SANTIAGO,2,APARTAMENTOS,1,16,0,40,1688.41,25959303.75,422.0,1003.59,42.049043932283105,15375.0
89,1,ENERO,2025,2,URBANO,2,SISTEMA DE MUROS,13,LA VEGA,2,APARTAMENTOS,1,16,0,48,1643.13,25263123.75,328.6,900.03,36.50989411464063,15374.999999999998
90,1,ENERO,2025,2,URBANO,1,SISTEMA APORTICADO,19,HERMANAS MIRABAL,3,COMBINADOS,1,6,4,16,1585.0,23774700.0,425.0,1000.16,42.49320108782595,14999.81072555205
91,1,ENERO,2025,2,URBANO,1,SISTEMA APORTICADO,32,SANTO DOMINGO,2,APARTAMENTOS,1,8,0,16,1090.0,14641500.0,272.5,339.29,80.31477497126352,13432.56880733945
92,1,ENERO,2025,2,URBANO,2,SISTEMA DE MUROS,32,SANTO DOMINGO,2,APARTAMENTOS,1,6,0,15,688.65,9296775.0,230.55,418.71,55.061976069355886,13500.0
93,1,ENERO,2025,2,URBANO,2,SISTEMA DE MUROS,18,PUERTO PLATA,2,APARTAMENTOS,0,0,0,0,0.0,0.0,0.0,932.4,0.0,0.0
94,1,ENERO,2025,2,URBANO,1,SISTEMA APORTICADO,1,DISTRITO NACIONAL,5,HOSPEDAJE,0,0,0,0,0.0,0.0,0.0,992.38,0.0,0.0
95,1,ENERO,2025,2,URBANO,1,SISTEMA APORTICADO,21,SAN CRISTOBAL,7,ALMACENES,2,0,0,0,8449.72,114071220.0,8449.72,65925.73,12.817029102294356,13500.000000000002
96,1,ENERO,2025,2,URBANO,2,SISTEMA DE MUROS,32,SANTO DOMINGO,2,APARTAMENTOS,1,12,0,31,1445.18,19509930.0,740.57,740.57,100.0,13500.0
97,1,ENERO,2025,2,URBANO,1,SISTEMA APORTICADO,11,LA ALTAGRACIA,6,COMERCIAL Y OFICINAS,1,0,5,0,1766.15,23843025.0,1115.22,3613.0,30.866869637420425,13500.0
98,1,ENERO,2025,2,URBANO,1,SISTEMA APORTICADO,32,SANTO DOMINGO,14,ESTRUCTURAS ESPECIALES,0,0,0,0,0.0,0.0,0.0,15941.99,0.0,0.0
99,1,ENERO,2025,2,URBANO,1,SISTEMA APORTICADO,1,DISTRITO NACIONAL,3,COMBINADOS,0,0,0,0,0.0,0.0,0.0,1304.29,0.0,0.0
100,1,ENERO,2025,2,URBANO,2,SISTEMA DE MUROS,32,SANTO DOMINGO,2,APARTAMENTOS,1,8,0,20,720.0,9720000.0,144.0,543.22,26.508596885239864,13500.0
101,1,ENERO,2025,2,URBANO,1,SISTEMA APORTICADO,1,DISTRITO NACIONAL,2,APARTAMENTOS,1,7,0,8,540.0,7290000.0,135.0,311.52,43.33590138674885,13500.0
102,1,ENERO,2025,2,URBANO,1,SISTEMA APORTICADO,32,SANTO DOMINGO,2,APARTAMENTOS,1,15,0,40,3429.61,49081746.75,490.0,700.0,70.0,14311.174375512084
103,1,ENERO,2025,2,URBANO,4,SISTEMA COMBINADO,1,DISTRITO NACIONAL,6,COMERCIAL Y OFICINAS,2,0,0,0,1347.97,18995076.0,449.0,685.56,65.4939027947955,14091.616282261475
104,1,ENERO,2025,2,URBANO,1,SISTEMA APORTICADO,1,DISTRITO NACIONAL,2,APARTAMENTOS,1,75,0,235,20285.0,349611975.0,1127.0,1499.04,75.18144946098838,17235.0
105,1,ENERO,2025,2,URBANO,2,SISTEMA DE MUROS,32,SANTO DOMINGO,2,APARTAMENTOS,1,4,0,12,556.46,7512210.0,139.0,360.0,38.611111111111114,13500.0
106,1,ENERO,2025,2,URBANO,2,SISTEMA DE MUROS,32,SANTO DOMINGO,2,APARTAMENTOS,1,4,0,12,550.88,7436880.0,110.0,320.51,34.32030201865777,13500.0
107,1,ENERO,2025,2,URBANO,1,SISTEMA APORTICADO,1,DISTRITO NACIONAL,1,VIVIENDAS,0,0,0,0,0.0,0.0,0.0,990.47,0.0,0.0
108,1,ENERO,2025,2,URBANO,4,SISTEMA COMBINADO,11,LA ALTAGRACIA,2,APARTAMENTOS,0,0,0,0,0.0,0.0,0.0,233886.7,0.0,0.0
109,1,ENERO,2025,2,URBANO,2,SISTEMA DE MUROS,17,PERAVIA,2,APARTAMENTOS,0,0,0,0,0.0,0.0,0.0,408.17,0.0,0.0
110,1,ENERO,2025,2,URBANO,1,SISTEMA APORTICADO,1,DISTRITO NACIONAL,2,APARTAMENTOS,0,0,0,0,0.0,0.0,0.0,1093.27,0.0,0.0
111,1,ENERO,2025,2,URBANO,2,SISTEMA DE MUROS,11,LA ALTAGRACIA,1,VIVIENDAS,8,16,0,32,2431.44,29177280.0,975.96,3520.0,27.726136363636368,12000.0
112,1,ENERO,2025,2,URBANO,3,SISTEMA DUALES,11,LA ALTAGRACIA,5,HOSPEDAJE,0,0,0,0,0.0,0.0,0.0,14858.68,0.0,0.0
113,1,ENERO,2025,2,URBANO,2,SISTEMA DE MUROS,14,MARIA TRINIDAD SANCHEZ,1,VIVIENDAS,6,9,0,27,1042.8,16424100.0,521.4,3746.47,13.917100630727058,15750.0
114,1,ENERO,2025,2,URBANO,2,SISTEMA DE MUROS,32,SANTO DOMINGO,2,APARTAMENTOS,1,8,0,11,690.0,9315000.0,172.5,225.62,76.45598794433117,13500.0
115,1,ENERO,2025,2,URBANO,2,SISTEMA DE MUROS,32,SANTO DOMINGO,2,APARTAMENTOS,6,104,0,248,300448.48,411054480.0,7612.12,27887.0,27.296302936852296,1368.1363273996262
116,1,ENERO,2025,2,URBANO,1,SISTEMA APORTICADO,1,DISTRITO NACIONAL,14,ESTRUCTURAS ESPECIALES,0,0,0,0,0.0,0.0,0.0,34012.97,0.0,0.0
117,1,ENERO,2025,2,URBANO,1,SISTEMA APORTICADO,1,DISTRITO NACIONAL,1,VIVIENDAS,0,0,0,0,0.0,0.0,0.0,1508.95,0.0,0.0
118,1,ENERO,2025,3,SUB URBANO,4,SISTEMA COMBINADO,8,EL SEIBO,5,HOSPEDAJE,4,0,0,0,452.14,8240251.5,0.0,502449.33,0.0,18225.0
119,1,ENERO,2025,2,URBANO,1,SISTEMA APORTICADO,1,DISTRITO NACIONAL,2,APARTAMENTOS,0,0,0,0,0.0,0.0,0.0,535.86,0.0,0.0
120,1,ENERO,2025,2,URBANO,2,SISTEMA DE MUROS,32,SANTO DOMINGO,1,VIVIENDAS,1,1,0,4,328.68,4437180.0,164.34,271.77,60.47025057953417,13500.0
121,1,ENERO,2025,2,URBANO,1,SISTEMA APORTICADO,1,DISTRITO NACIONAL,2,APARTAMENTOS,1,39,0,99,9077.63,152657438.8,756.47,775.8,97.50837844805363,16816.88268854316
122,1,ENERO,2025,2,URBANO,2,SISTEMA DE MUROS,4,BARAHONA,2,APARTAMENTOS,1,4,0,12,445.0,6007500.0,111.25,280.06,39.723630650574876,13500.0
123,2,FEBRERO,2025,2,URBANO,2,SISTEMA DE MUROS,13,LA VEGA,6,COMERCIAL Y OFICINAS,1,0,12,0,1312.57,28764318.0,118.47,800.08,14.807269273072693,21914.502083698393
124,2,FEBRERO,2025,2,URBANO,2,SISTEMA DE MUROS,32,SANTO DOMINGO,2,APARTAMENTOS,100,1600,0,4800,141072.6,1904480100.0,35268.0,121447.47,29.039715689425233,13500.0
125,2,FEBRERO,2025,2,URBANO,2,SISTEMA DE MUROS,2,AZUA,2,APARTAMENTOS,0,0,0,0,0.0,0.0,0.0,73476.0,0.0,0.0
126,2,FEBRERO,2025,2,URBANO,2,SISTEMA DE MUROS,32,SANTO DOMINGO,2,APARTAMENTOS,0,0,0,0,0.0,0.0,0.0,44817.19,0.0,0.0
127,2,FEBRERO,2025,2,URBANO,2,SISTEMA DE MUROS,11,LA ALTAGRACIA,2,APARTAMENTOS,0,0,0,0,0.0,0.0,0.0,3071.07,0.0,0.0
128,2,FEBRERO,2025,2,URBANO,2,SISTEMA DE MUROS,32,SANTO DOMINGO,2,APARTAMENTOS,0,0,0,0,0.0,0.0,0.0,12167.78,0.0,0.0
129,2,FEBRERO,2025,2,URBANO,2,SISTEMA DE MUROS,32,SANTO DOMINGO,2,APARTAMENTOS,49,720,0,2160,0.0,0.0,0.0,1000014.29,0.0,0.0
130,2,FEBRERO,2025,2,URBANO,2,SISTEMA DE MUROS,25,SANTIAGO,2,APARTAMENTOS,2,12,0,32,1347.36,20715660.0,336.75,837.97,40.18640285451746,15375.000000000002
131,2,FEBRERO,2025,2,URBANO,2,SISTEMA DE MUROS,6,DUARTE,2,APARTAMENTOS,1,4,0,10,643.14,9647100.0,215.0,374.31,57.43902113221662,15000.0
132,2,FEBRERO,2025,2,URBANO,4,SISTEMA COMBINADO,1,DISTRITO NACIONAL,2,APARTAMENTOS,1,122,0,127,6699.43,109263750.64,525.0,1177.06,44.60265407031078,16309.410000552285
133,2,FEBRERO,2025,2,URBANO,2,SISTEMA DE MUROS,6,DUARTE,2,APARTAMENTOS,2,12,0,36,1515.7,22736520.0,505.0,1040.16,48.55022304260883,15000.672956389786
134,2,FEBRERO,2025,2,URBANO,1,SISTEMA APORTICADO,25,SANTIAGO,7,ALMACENES,1,0,0,0,1335.3,20029500.0,333.75,538.38,61.991530145993536,15000.0
135,2,FEBRERO,2025,2,URBANO,2,SISTEMA DE MUROS,25,SANTIAGO,1,VIVIENDAS,1,1,0,4,423.11,5711985.0,212.0,356.72,59.43036555281452,13500.0
136,2,FEBRERO,2025,2,URBANO,2,SISTEMA DE MUROS,25,SANTIAGO,1,VIVIENDAS,1,1,0,3,196.31,2502952.5,196.31,627.39,31.289947241747555,12750.0
137,2,FEBRERO,2025,2,URBANO,2,SISTEMA DE MUROS,1,DISTRITO NACIONAL,1,VIVIENDAS,1,1,0,4,222.12,2998620.0,100.0,660.35,15.143484515787081,13500.0
138,2,FEBRERO,2025,2,URBANO,2,SISTEMA DE MUROS,11,LA ALTAGRACIA,1,VIVIENDAS,12,24,0,96,5058.6,66773520.0,2529.0,155362.68,1.6278040517838648,13199.999999999998
139,2,FEBRERO,2025,2,URBANO,1,SISTEMA APORTICADO,1,DISTRITO NACIONAL,2,APARTAMENTOS,0,10,0,64,2024.38,30365700.0,0.0,919.83,0.0,15000.0
140,2,FEBRERO,2025,2,URBANO,4,SISTEMA COMBINADO,32,SANTO DOMINGO,2,APARTAMENTOS,1,4,0,11,664.09,10060743.75,132.0,300.0,44.0,15149.669096056257
141,2,FEBRERO,2025,2,URBANO,2,SISTEMA DE MUROS,32,SANTO DOMINGO,1,VIVIENDAS,1,1,0,2,355.4,4797900.0,178.0,189.47,93.94627117749512,13500.0
142,2,FEBRERO,2025,2,URBANO,2,SISTEMA DE MUROS,25,SANTIAGO,2,APARTAMENTOS,5,160,0,480,23532.44,440350783.5,2353.244,9271.03,25.382767610502828,18712.5
143,2,FEBRERO,2025,2,URBANO,2,SISTEMA DE MUROS,11,LA ALTAGRACIA,1,VIVIENDAS,0,0,0,0,0.0,0.0,0.0,551.99,0.0,0.0
144,2,FEBRERO,2025,2,URBANO,2,SISTEMA DE MUROS,12,LA ROMANA,2,APARTAMENTOS,0,0,0,0,0.0,0.0,0.0,43202.47,0.0,0.0
145,2,FEBRERO,2025,2,URBANO,2,SISTEMA DE MUROS,32,SANTO DOMINGO,2,APARTAMENTOS,0,0,0,0,0.0,0.0,0.0,317.42,0.0,0.0
146,2,FEBRERO,2025,2,URBANO,1,SISTEMA APORTICADO,1,DISTRITO NACIONAL,2,APARTAMENTOS,1,8,0,16,1067.51,15734781.0,213.0,449.75,47.359644246803775,14739.70360933387
147,2,FEBRERO,2025,2,URBANO,2,SISTEMA DE MUROS,32,SANTO DOMINGO,2,APARTAMENTOS,10,80,0,240,7176.0,96876000.0,1794.0,250316.8,0.7166918081407241,13500.0
148,2,FEBRERO,2025,2,URBANO,1,SISTEMA APORTICADO,32,SANTO DOMINGO,2,APARTAMENTOS,1,5,0,14,630.88,8343837.0,210.0,300.0,70.0,13225.711704286077
149,2,FEBRERO,2025,2,URBANO,1,SISTEMA APORTICADO,1,DISTRITO NACIONAL,6,COMERCIAL Y OFICINAS,1,0,12,0,2259.23,34864240.5,302.93,625.0,48.4688,15431.912864117421
150,2,FEBRERO,2025,2,URBANO,1,SISTEMA APORTICADO,32,SANTO DOMINGO,2,APARTAMENTOS,0,0,0,0,0.0,0.0,0.0,404.01,0.0,0.0
151,2,FEBRERO,2025,2,URBANO,1,SISTEMA APORTICADO,1,DISTRITO NACIONAL,3,COMBINADOS,1,99,0,143,15572.78,263788808.25,788.0,1304.29,60.4160117765221,16939.09554042374
152,2,FEBRERO,2025,2,URBANO,4,SISTEMA COMBINADO,32,SANTO DOMINGO,1,VIVIENDAS,1,1,0,5,334.0,4509000.0,140.19,224.04,62.573647562935186,13500.0
153,2,FEBRERO,2025,2,URBANO,2,SISTEMA DE MUROS,11,LA ALTAGRACIA,2,APARTAMENTOS,1,23,0,32,1847.84,27717600.0,600.32,1840.47,32.61775524730096,15000.0
154,2,FEBRERO,2025,2,URBANO,4,SISTEMA COMBINADO,25,SANTIAGO,3,COMBINADOS,3,12,37,24,3166.13,54971932.13,1055.0,2908.06,36.27848118677056,17362.500001579214
155,2,FEBRERO,2025,2,URBANO,2,SISTEMA DE MUROS,11,LA ALTAGRACIA,1,VIVIENDAS,1,1,0,4,712.46,9618210.0,356.23,1058.41,33.657089407696446,13500.0
156,2,FEBRERO,2025,2,URBANO,2,SISTEMA DE MUROS,11,LA ALTAGRACIA,2,APARTAMENTOS,0,0,0,0,0.0,0.0,0.0,1328.62,0.0,0.0
157,2,FEBRERO,2025,2,URBANO,2,SISTEMA DE MUROS,11,LA ALTAGRACIA,2,APARTAMENTOS,0,0,0,0,0.0,0.0,0.0,55988.32,0.0,0.0
158,2,FEBRERO,2025,2,URBANO,2,SISTEMA DE MUROS,9,ESPAILLAT,2,APARTAMENTOS,1,4,0,12,588.52,8827800.0,147.0,350.57,41.93171121316713,15000.0
159,2,FEBRERO,2025,2,URBANO,1,SISTEMA APORTICADO,25,SANTIAGO,2,APARTAMENTOS,2,94,0,183,15117.79,282891645.38,1120.0,1437.7,77.90220491062114,18712.500000330736
160,2,FEBRERO,2025,2,URBANO,2,SISTEMA DE MUROS,9,ESPAILLAT,2,APARTAMENTOS,5,18,0,54,2006.35,30095250.0,1003.0,2690.07,37.28527510436531,15000.0
161,2,FEBRERO,2025,2,URBANO,1,SISTEMA APORTICADO,32,SANTO DOMINGO,6,COMERCIAL Y OFICINAS,1,0,43,0,3919.86,57892785.0,1306.62,3573.6,36.56312961719274,14769.095069721878
162,2,FEBRERO,2025,2,URBANO,1,SISTEMA APORTICADO,1,DISTRITO NACIONAL,2,APARTAMENTOS,0,0,0,0,0.0,0.0,0.0,600.0,0.0,0.0
163,2,FEBRERO,2025,2,URBANO,1,SISTEMA APORTICADO,1,DISTRITO NACIONAL,6,COMERCIAL Y OFICINAS,1,0,0,0,5681.32,85219800.0,1420.25,3529.1,40.243971550820326,15000.0
164,2,FEBRERO,2025,2,URBANO,2,SISTEMA DE MUROS,13,LA VEGA,2,APARTAMENTOS,1,6,0,12,722.75,10841250.0,218.43,469.59,46.515045039289596,15000.0
165,2,FEBRERO,2025,2,URBANO,1,SISTEMA APORTICADO,25,SANTIAGO,2,APARTAMENTOS,1,5,0,14,673.52,10102800.0,214.34,435.3,49.23960487020446,15000.0
166,2,FEBRERO,2025,2,URBANO,1,SISTEMA APORTICADO,11,LA ALTAGRACIA,6,COMERCIAL Y OFICINAS,0,0,0,0,0.0,0.0,0.0,9382.7,0.0,0.0
167,2,FEBRERO,2025,2,URBANO,1,SISTEMA APORTICADO,1,DISTRITO NACIONAL,6,COMERCIAL Y OFICINAS,0,0,0,0,0.0,0.0,0.0,8938.78,0.0,0.0
168,2,FEBRERO,2025,2,URBANO,2,SISTEMA DE MUROS,25,SANTIAGO,2,APARTAMENTOS,5,40,0,112,4103.6,61554000.0,1025.9,3026.24,33.90015332557894,14999.999999999998
169,2,FEBRERO,2025,2,URBANO,1,SISTEMA APORTICADO,1,DISTRITO NACIONAL,6,COMERCIAL Y OFICINAS,1,0,0,0,817.34,11862069.0,195.5,500.0,39.1,14513.016614872635
170,2,FEBRERO,2025,2,URBANO,1,SISTEMA APORTICADO,32,SANTO DOMINGO,2,APARTAMENTOS,1,8,0,24,1900.77,25128996.73,560.72,567.25,98.84883208461878,13220.429999421287
171,2,FEBRERO,2025,2,URBANO,2,SISTEMA DE MUROS,25,SANTIAGO,2,APARTAMENTOS,1,5,0,15,617.84,9262600.0,206.0,349.65,58.91605891605892,14991.907289913246
172,2,FEBRERO,2025,2,URBANO,2,SISTEMA DE MUROS,25,SANTIAGO,1,VIVIENDAS,0,0,0,0,0.0,0.0,0.0,360.0,0.0,0.0
173,2,FEBRERO,2025,2,URBANO,4,SISTEMA COMBINADO,11,LA ALTAGRACIA,10,ESTACION DE COMBUSTIBLE,1,0,0,0,472.26,7438095.0,472.26,9825.37,4.806536547733062,15750.0
174,2,FEBRERO,2025,2,URBANO,2,SISTEMA DE MUROS,11,LA ALTAGRACIA,1,VIVIENDAS,0,0,0,0,0.0,0.0,0.0,508.98,0.0,0.0
175,2,FEBRERO,2025,2,URBANO,2,SISTEMA DE MUROS,11,LA ALTAGRACIA,1,VIVIENDAS,1,1,0,4,593.26,8023841.5,296.63,551.99,53.738292360368845,13525.0
176,2,FEBRERO,2025,2,URBANO,1,SISTEMA APORTICADO,20,SAMANA,1,VIVIENDAS,1,1,0,4,306.96,4431581.5,306.96,1075.4,28.543797656685882,14436.999934844933
177,2,FEBRERO,2025,2,URBANO,2,SISTEMA DE MUROS,1,DISTRITO NACIONAL,2,APARTAMENTOS,0,0,0,0,0.0,0.0,0.0,43176.9,0.0,0.0
178,2,FEBRERO,2025,2,URBANO,2,SISTEMA DE MUROS,32,SANTO DOMINGO,2,APARTAMENTOS,0,0,0,0,0.0,0.0,0.0,2729.24,0.0,0.0
179,2,FEBRERO,2025,2,URBANO,2,SISTEMA DE MUROS,32,SANTO DOMINGO,2,APARTAMENTOS,0,0,0,0,0.0,0.0,0.0,57188.29,0.0,0.0
180,2,FEBRERO,2025,2,URBANO,1,SISTEMA APORTICADO,1,DISTRITO NACIONAL,2,APARTAMENTOS,1,9,0,12,1052.26,14919523.5,399.38,399.38,100.0,14178.552353980955
181,2,FEBRERO,2025,2,URBANO,4,SISTEMA COMBINADO,32,SANTO DOMINGO,2,APARTAMENTOS,1,7,0,21,920.67,12653734.75,218.5,575.85,37.94390900408092,13744.050256878143
182,2,FEBRERO,2025,2,URBANO,2,SISTEMA DE MUROS,32,SANTO DOMINGO,2,APARTAMENTOS,1,6,0,18,1049.19,13804101.0,158.7,372.58,42.59487895217134,13156.912475338117
183,2,FEBRERO,2025,2,URBANO,1,SISTEMA APORTICADO,21,SAN CRISTOBAL,6,COMERCIAL Y OFICINAS,0,0,0,0,0.0,0.0,0.0,581.12,0.0,0.0
184,2,FEBRERO,2025,2,URBANO,2,SISTEMA DE MUROS,9,ESPAILLAT,2,APARTAMENTOS,1,4,0,12,480.01,6480135.0,240.0,401.29,59.80712203144858,13500.0
185,2,FEBRERO,2025,2,URBANO,1,SISTEMA APORTICADO,25,SANTIAGO,3,COMBINADOS,1,2,1,5,902.46,13875322.5,225.5,310.3,72.67160812117307,15375.0
186,2,FEBRERO,2025,3,SUB URBANO,2,SISTEMA DE MUROS,13,LA VEGA,1,VIVIENDAS,1,1,0,3,688.9,9300150.0,688.9,1025.0,67.20975609756097,13500.0
187,2,FEBRERO,2025,2,URBANO,1,SISTEMA APORTICADO,25,SANTIAGO,2,APARTAMENTOS,0,0,0,0,0.0,0.0,0.0,739.41,0.0,0.0
188,2,FEBRERO,2025,2,URBANO,1,SISTEMA APORTICADO,25,SANTIAGO,6,COMERCIAL Y OFICINAS,1,0,36,0,2014.1,34969811.25,504.0,2710.32,18.595590188612412,17362.5
189,2,FEBRERO,2025,2,URBANO,2,SISTEMA DE MUROS,9,ESPAILLAT,2,APARTAMENTOS,1,3,0,9,506.2,7592850.0,169.0,404.22,41.80891593686606,14999.703674436982
190,2,FEBRERO,2025,2,URBANO,4,SISTEMA COMBINADO,18,PUERTO PLATA,1,VIVIENDAS,1,1,0,3,251.65,3397275.0,220.0,457.65,48.07167049054955,13500.0
191,2,FEBRERO,2025,2,URBANO,2,SISTEMA DE MUROS,32,SANTO DOMINGO,2,APARTAMENTOS,1,4,0,13,661.91,9346822.5,133.55,320.81,41.62900158972601,14120.986992189271
192,2,FEBRERO,2025,2,URBANO,1,SISTEMA APORTICADO,1,DISTRITO NACIONAL,2,APARTAMENTOS,1,9,0,12,1483.21,21594237.0,500.0,500.0,100.0,14559.123118101954
193,2,FEBRERO,2025,2,URBANO,1,SISTEMA APORTICADO,13,LA VEGA,6,COMERCIAL Y OFICINAS,1,0,68,0,4578.33,82341265.05,770.54,4052.52,19.013848173482177,17985.0
194,2,FEBRERO,2025,2,URBANO,2,SISTEMA DE MUROS,11,LA ALTAGRACIA,2,APARTAMENTOS,0,0,0,0,0.0,0.0,0.0,25576.99,0.0,0.0
195,2,FEBRERO,2025,2,URBANO,1,SISTEMA APORTICADO,11,LA ALTAGRACIA,2,APARTAMENTOS,0,0,0,0,0.0,0.0,0.0,145147.5,0.0,0.0
196,2,FEBRERO,2025,2,URBANO,2,SISTEMA DE MUROS,25,SANTIAGO,2,APARTAMENTOS,0,0,0,0,0.0,0.0,0.0,1575.33,0.0,0.0
197,2,FEBRERO,2025,2,URBANO,1,SISTEMA APORTICADO,1,DISTRITO NACIONAL,2,APARTAMENTOS,1,47,0,96,8634.9,142387307.25,966.0,999.64,96.6347885238686,16489.745943786264
198,2,FEBRERO,2025,2,URBANO,1,SISTEMA APORTICADO,32,SANTO DOMINGO,10,ESTACION DE COMBUSTIBLE,1,0,0,0,1131.15,17815612.5,1131.15,3473.58,32.564386022489764,15749.999999999998
199,2,FEBRERO,2025,3,SUB URBANO,4,SISTEMA COMBINADO,18,PUERTO PLATA,3,COMBINADOS,0,0,0,0,0.0,0.0,0.0,14406.41,0.0,0.0
200,2,FEBRERO,2025,2,URBANO,4,SISTEMA COMBINADO,13,LA VEGA,3,COMBINADOS,0,0,0,0,0.0,0.0,0.0,40001.0,0.0,0.0
201,2,FEBRERO,2025,2,URBANO,1,SISTEMA APORTICADO,25,SANTIAGO,14,ESTRUCTURAS ESPECIALES,0,0,0,0,0.0,0.0,0.0,10004.22,0.0,0.0
202,2,FEBRERO,2025,2,URBANO,2,SISTEMA DE MUROS,25,SANTIAGO,1,VIVIENDAS,1,1,0,3,390.54,5272290.0,195.0,389.71,50.037207154037624,13500.0
203,2,FEBRERO,2025,2,URBANO,2,SISTEMA DE MUROS,6,DUARTE,2,APARTAMENTOS,1,4,0,10,889.7,13345987.0,296.0,496.03,59.67381005181138,15000.547375519838
204,2,FEBRERO,2025,2,URBANO,2,SISTEMA DE MUROS,6,DUARTE,2,APARTAMENTOS,1,4,0,14,715.6,10738200.0,357.5,514.18,69.5281807927185,15005.869200670766
205,2,FEBRERO,2025,2,URBANO,2,SISTEMA DE MUROS,11,LA ALTAGRACIA,2,APARTAMENTOS,1,15,0,15,1767.14,26507100.0,495.0,1201.96,41.1827348663849,15000.0
206,2,FEBRERO,2025,2,URBANO,1,SISTEMA APORTICADO,1,DISTRITO NACIONAL,3,COMBINADOS,1,57,0,109,6342.0,105905058.0,1027.0,1027.0,100.0,16699.0
207,2,FEBRERO,2025,2,URBANO,2,SISTEMA DE MUROS,32,SANTO DOMINGO,2,APARTAMENTOS,0,0,0,0,0.0,0.0,0.0,44869.0,0.0,0.0
208,2,FEBRERO,2025,2,URBANO,2,SISTEMA DE MUROS,28,MONSENOR NOUEL,2,APARTAMENTOS,0,0,0,0,0.0,0.0,0.0,25785.98,0.0,0.0
209,2,FEBRERO,2025,2,URBANO,2,SISTEMA DE MUROS,11,LA ALTAGRACIA,2,APARTAMENTOS,1,8,0,12,5361.94,80429100.0,225.0,601.69,37.39467167478269,15000.000000000002
210,2,FEBRERO,2025,2,URBANO,3,SISTEMA DUALES,11,LA ALTAGRACIA,5,HOSPEDAJE,0,0,0,0,0.0,0.0,0.0,14858.68,0.0,0.0
211,2,FEBRERO,2025,2,URBANO,4,SISTEMA COMBINADO,11,LA ALTAGRACIA,5,HOSPEDAJE,0,0,0,0,0.0,0.0,0.0,115830.96,0.0,0.0
212,2,FEBRERO,2025,2,URBANO,2,SISTEMA DE MUROS,11,LA ALTAGRACIA,5,HOSPEDAJE,0,0,0,0,0.0,0.0,0.0,862072.43,0.0,0.0
213,2,FEBRERO,2025,2,URBANO,1,SISTEMA APORTICADO,11,LA ALTAGRACIA,2,APARTAMENTOS,0,0,0,0,0.0,0.0,0.0,11773.9,0.0,0.0
214,2,FEBRERO,2025,2,URBANO,2,SISTEMA DE MUROS,11,LA ALTAGRACIA,1,VIVIENDAS,0,0,0,0,0.0,0.0,0.0,599.94,0.0,0.0
215,2,FEBRERO,2025,2,URBANO,1,SISTEMA APORTICADO,32,SANTO DOMINGO,2,APARTAMENTOS,1,6,0,10,669.96,8730774.0,226.0,296.48,76.22773880194279,13031.783987103707
216,2,FEBRERO,2025,2,URBANO,1,SISTEMA APORTICADO,24,SANCHEZ RAMIREZ,3,COMBINADOS,0,0,0,0,0.0,0.0,0.0,272656.52,0.0,0.0
217,2,FEBRERO,2025,2,URBANO,2,SISTEMA DE MUROS,13,LA VEGA,2,APARTAMENTOS,1,6,0,15,761.68,12853350.0,214.92,500.02,42.98228070877165,16875.0
218,2,FEBRERO,2025,2,URBANO,1,SISTEMA APORTICADO,32,SANTO DOMINGO,6,COMERCIAL Y OFICINAS,0,0,0,0,0.0,0.0,0.0,3000.0,0.0,0.0
219,2,FEBRERO,2025,3,SUB URBANO,4,SISTEMA COMBINADO,8,EL SEIBO,5,HOSPEDAJE,22,0,0,12,0.0,0.0,0.0,583808.14,0.0,0.0
220,2,FEBRERO,2025,2,URBANO,2,SISTEMA DE MUROS,1,DISTRITO NACIONAL,2,APARTAMENTOS,1,4,0,8,352.0,4708800.0,88.0,216.0,40.74074074074074,13377.272727272728
221,2,FEBRERO,2025,2,URBANO,1,SISTEMA APORTICADO,32,SANTO DOMINGO,2,APARTAMENTOS,1,25,0,45,2921.0,42910875.0,716.53,728.14,98.40552640975636,14690.474152687435
222,2,FEBRERO,2025,2,URBANO,2,SISTEMA DE MUROS,32,SANTO DOMINGO,1,VIVIENDAS,1,1,0,3,190.0,2308500.0,190.0,400.37,47.45610310462822,12150.0
223,2,FEBRERO,2025,2,URBANO,2,SISTEMA DE MUROS,32,SANTO DOMINGO,2,APARTAMENTOS,0,0,0,0,0.0,0.0,0.0,228.76,0.0,0.0
224,2,FEBRERO,2025,2,URBANO,1,SISTEMA APORTICADO,1,DISTRITO NACIONAL,1,VIVIENDAS,0,0,0,0,0.0,0.0,0.0,1508.95,0.0,0.0
225,2,FEBRERO,2025,2,URBANO,2,SISTEMA DE MUROS,32,SANTO DOMINGO,2,APARTAMENTOS,0,0,0,0,0.0,0.0,0.0,6969.45,0.0,0.0
226,2,FEBRERO,2025,2,URBANO,2,SISTEMA DE MUROS,17,PERAVIA,2,APARTAMENTOS,0,0,0,0,0.0,0.0,0.0,408.17,0.0,0.0
227,2,FEBRERO,2025,2,URBANO,4,SISTEMA COMBINADO,20,SAMANA,5,HOSPEDAJE,10,38,0,38,6297.7,110996962.5,2099.0,7854.74,26.722717747500234,17625.0
228,2,FEBRERO,2025,2,URBANO,2,SISTEMA DE MUROS,32,SANTO DOMINGO,2,APARTAMENTOS,1,7,0,22,968.67,13914250.5,311.73,311.73,100.0,14364.283502121467
229,2,FEBRERO,2025,2,URBANO,1,SISTEMA APORTICADO,1,DISTRITO NACIONAL,2,APARTAMENTOS,1,88,0,132,12525.24,210571515.2,737.0,947.13,77.81402764140086,16811.774880161975
230,2,FEBRERO,2025,2,URBANO,4,SISTEMA COMBINADO,32,SANTO DOMINGO,2,APARTAMENTOS,1,8,0,24,770.0,10354190.0,192.5,375.54,51.259519625073224,13447.0
231,2,FEBRERO,2025,2,URBANO,2,SISTEMA DE MUROS,4,BARAHONA,2,APARTAMENTOS,1,12,0,16,1080.0,14580000.0,251.0,601.37,41.73803149475365,13500.0
232,2,FEBRERO,2025,2,URBANO,1,SISTEMA APORTICADO,1,DISTRITO NACIONAL,2,APARTAMENTOS,0,0,0,0,115.63,1734450.0,0.0,1000.54,0.0,15000.0
233,2,FEBRERO,2025,2,URBANO,1,SISTEMA APORTICADO,1,DISTRITO NACIONAL,6,COMERCIAL Y OFICINAS,1,0,0,0,13897.42,208461300.0,6948.5,10136.99,68.54598850349069,15000.0
234,2,FEBRERO,2025,2,URBANO,2,SISTEMA DE MUROS,11,LA ALTAGRACIA,2,APARTAMENTOS,1,42,0,108,10565.86,178298887.5,3522.0,5862.91,60.07255782538024,16875.0
235,2,FEBRERO,2025,2,URBANO,2,SISTEMA DE MUROS,12,LA ROMANA,1,VIVIENDAS,0,0,0,0,0.0,0.0,0.0,1437.53,0.0,0.0
236,2,FEBRERO,2025,2,URBANO,2,SISTEMA DE MUROS,11,LA ALTAGRACIA,2,APARTAMENTOS,0,0,0,0,0.0,0.0,0.0,6799.94,0.0,0.0
237,2,FEBRERO,2025,2,URBANO,1,SISTEMA APORTICADO,11,LA ALTAGRACIA,6,COMERCIAL Y OFICINAS,0,0,0,0,0.0,0.0,0.0,9382.7,0.0,0.0
238,2,FEBRERO,2025,2,URBANO,2,SISTEMA DE MUROS,11,LA ALTAGRACIA,1,VIVIENDAS,0,0,0,0,0.0,0.0,0.0,1500.0,0.0,0.0
239,2,FEBRERO,2025,2,URBANO,1,SISTEMA APORTICADO,11,LA ALTAGRACIA,2,APARTAMENTOS,0,0,0,0,0.0,0.0,0.0,3913.25,0.0,0.0
240,2,FEBRERO,2025,2,URBANO,2,SISTEMA DE MUROS,11,LA ALTAGRACIA,2,APARTAMENTOS,0,0,0,0,0.0,0.0,0.0,949.6,0.0,0.0
241,2,FEBRERO,2025,2,URBANO,4,SISTEMA COMBINADO,12,LA ROMANA,5,HOSPEDAJE,0,0,0,0,0.0,0.0,0.0,9612713.22,0.0,0.0
242,2,FEBRERO,2025,2,URBANO,1,SISTEMA APORTICADO,11,LA ALTAGRACIA,2,APARTAMENTOS,0,0,0,0,0.0,0.0,0.0,57268.16,0.0,0.0
243,2,FEBRERO,2025,2,URBANO,4,SISTEMA COMBINADO,20,SAMANA,1,VIVIENDAS,0,0,0,0,0.0,0.0,0.0,11157.55,0.0,0.0
244,3,MARZO,2025,2,URBANO,4,SISTEMA COMBINADO,32,SANTO DOMINGO,6,COMERCIAL Y OFICINAS,6,0,0,0,1580.0,23700000.0,1580.0,17199.58,9.186270827543462,15000.0
245,3,MARZO,2025,2,URBANO,1,SISTEMA APORTICADO,1,DISTRITO NACIONAL,3,COMBINADOS,0,0,0,0,0.0,0.0,0.0,3039.55,0.0,0.0
246,3,MARZO,2025,2,URBANO,2,SISTEMA DE MUROS,25,SANTIAGO,2,APARTAMENTOS,2,32,0,32,2206.86,33930472.5,551.5,1157.18,47.65896403325325,15375.0
247,3,MARZO,2025,2,URBANO,1,SISTEMA APORTICADO,1,DISTRITO NACIONAL,6,COMERCIAL Y OFICINAS,1,0,0,0,548.52,8227800.0,183.0,328.2,55.75868372943328,15000.0
248,3,MARZO,2025,2,URBANO,2,SISTEMA DE MUROS,11,LA ALTAGRACIA,2,APARTAMENTOS,1,12,0,12,1639.83,24597450.0,416.87,974.17,42.792325774762105,15000.0
249,3,MARZO,2025,2,URBANO,2,SISTEMA DE MUROS,11,LA ALTAGRACIA,2,APARTAMENTOS,0,0,0,0,0.0,0.0,0.0,25576.99,0.0,0.0
250,3,MARZO,2025,2,URBANO,1,SISTEMA APORTICADO,25,SANTIAGO,11,CENTROS DE SALUD,1,0,0,0,272.9,4912200.0,136.0,390.32,34.84320557491289,18000.0
251,3,MARZO,2025,2,URBANO,2,SISTEMA DE MUROS,32,SANTO DOMINGO,2,APARTAMENTOS,0,0,0,0,0.0,0.0,0.0,350.51,0.0,0.0
252,3,MARZO,2025,2,URBANO,1,SISTEMA APORTICADO,32,SANTO DOMINGO,2,APARTAMENTOS,0,0,0,0,0.0,0.0,0.0,269.11,0.0,0.0
253,3,MARZO,2025,2,URBANO,2,SISTEMA DE MUROS,32,SANTO DOMINGO,1,VIVIENDAS,1,1,0,2,97.25,1203468.75,97.25,185.16,52.522143011449565,12375.0
254,3,MARZO,2025,2,URBANO,4,SISTEMA COMBINADO,13,LA VEGA,16,OBRAS DE ORDEN SOCIAL,1,0,0,0,526.55,6713512.5,526.55,2897.65,18.17162183148413,12750.000000000002
255,3,MARZO,2025,2,URBANO,2,SISTEMA DE MUROS,25,SANTIAGO,2,APARTAMENTOS,1,8,0,24,1089.84,16387600.0,272.25,603.42,45.11782837824401,15036.702635249212
256,3,MARZO,2025,2,URBANO,2,SISTEMA DE MUROS,25,SANTIAGO,2,APARTAMENTOS,2,16,0,48,2023.96,30359400.0,505.75,3146.68,16.072495455527733,15000.0
257,3,MARZO,2025,2,URBANO,2,SISTEMA DE MUROS,25,SANTIAGO,2,APARTAMENTOS,1,16,0,48,2933.04,54884511.0,326.0,1128.07,28.89891584742082,18712.5
258,3,MARZO,2025,2,URBANO,1,SISTEMA APORTICADO,4,BARAHONA,11,CENTROS DE SALUD,1,0,0,0,551.37,8505162.0,292.52,292.52,100.0,15425.507372544753
259,3,MARZO,2025,2,URBANO,2,SISTEMA DE MUROS,21,SAN CRISTOBAL,2,APARTAMENTOS,18,108,0,324,10710.18,144587430.0,3570.0,21692.99,16.456929173894423,13500.0
260,3,MARZO,2025,2,URBANO,2,SISTEMA DE MUROS,25,SANTIAGO,5,HOSPEDAJE,2,0,0,40,2913.37,51348146.25,1200.0,3237.99,37.060027980321124,17625.0
261,3,MARZO,2025,2,URBANO,2,SISTEMA DE MUROS,6,DUARTE,2,APARTAMENTOS,0,0,0,0,0.0,0.0,0.0,636.97,0.0,0.0
262,3,MARZO,2025,2,URBANO,2,SISTEMA DE MUROS,11,LA ALTAGRACIA,1,VIVIENDAS,1,1,0,3,321.98,4346730.0,160.5,508.98,31.53365554638689,13500.0
263,3,MARZO,2025,2,URBANO,2,SISTEMA DE MUROS,23,SAN PEDRO DE MACORIS,1,VIVIENDAS,0,0,0,0,0.0,0.0,0.0,261.87,0.0,0.0
264,3,MARZO,2025,2,URBANO,1,SISTEMA APORTICADO,12,LA ROMANA,6,COMERCIAL Y OFICINAS,1,0,20,0,2797.18,41957700.0,932.0,2935.27,31.751763892248412,15000.0
265,3,MARZO,2025,2,URBANO,2,SISTEMA DE MUROS,11,LA ALTAGRACIA,1,VIVIENDAS,0,0,0,0,0.0,0.0,0.0,20712.09,0.0,0.0
266,3,MARZO,2025,2,URBANO,1,SISTEMA APORTICADO,25,SANTIAGO,2,APARTAMENTOS,1,22,0,44,4000.0,74850000.0,335.0,511.57,65.48468440291651,18712.5
267,3,MARZO,2025,2,URBANO,2,SISTEMA DE MUROS,32,SANTO DOMINGO,2,APARTAMENTOS,2,12,0,36,1501.68,20272680.0,375.25,879.44,42.66919858091512,13500.0
268,3,MARZO,2025,2,URBANO,1,SISTEMA APORTICADO,25,SANTIAGO,2,APARTAMENTOS,1,15,0,36,4577.44,85655346.0,508.0,675.07,75.2514554046247,18712.5
269,3,MARZO,2025,2,URBANO,2,SISTEMA DE MUROS,32,SANTO DOMINGO,2,APARTAMENTOS,0,0,0,0,0.0,0.0,0.0,157973.91,0.0,0.0
270,3,MARZO,2025,2,URBANO,2,SISTEMA DE MUROS,12,LA ROMANA,2,APARTAMENTOS,0,0,0,0,0.0,0.0,0.0,28521.87,0.0,0.0
271,3,MARZO,2025,3,SUB URBANO,2,SISTEMA DE MUROS,13,LA VEGA,2,APARTAMENTOS,4,112,0,124,20739.71,298919781.05,5184.75,15523.34,33.39970650646059,14412.919999845708
272,3,MARZO,2025,2,URBANO,1,SISTEMA APORTICADO,11,LA ALTAGRACIA,6,COMERCIAL Y OFICINAS,0,0,0,0,0.0,0.0,0.0,2683.96,0.0,0.0
273,3,MARZO,2025,2,URBANO,2,SISTEMA DE MUROS,25,SANTIAGO,2,APARTAMENTOS,1,3,0,9,424.41,7108650.0,141.0,569.81,24.745090468752746,16749.487523856646
274,3,MARZO,2025,2,URBANO,1,SISTEMA APORTICADO,1,DISTRITO NACIONAL,2,APARTAMENTOS,1,15,0,23,1953.92,25860289.5,390.784,652.65,59.87650348578871,13235.081016622993
275,3,MARZO,2025,2,URBANO,2,SISTEMA DE MUROS,32,SANTO DOMINGO,2,APARTAMENTOS,0,0,0,0,0.0,0.0,0.0,1561.03,0.0,0.0
276,3,MARZO,2025,2,URBANO,1,SISTEMA APORTICADO,32,SANTO DOMINGO,2,APARTAMENTOS,1,4,0,13,713.66,10515175.5,142.6,313.0,45.5591054313099,14734.152817868453
277,3,MARZO,2025,2,URBANO,2,SISTEMA DE MUROS,25,SANTIAGO,2,APARTAMENTOS,0,0,0,4,696.04,10701615.0,0.0,609.64,0.0,15375.0
278,3,MARZO,2025,2,URBANO,2,SISTEMA DE MUROS,20,SAMANA,5,HOSPEDAJE,0,0,0,0,0.0,0.0,0.0,5856.15,0.0,0.0
279,3,MARZO,2025,2,URBANO,2,SISTEMA DE MUROS,25,SANTIAGO,2,APARTAMENTOS,1,8,0,24,1086.01,16290150.0,272.0,640.13,42.49136894068392,15000.0
280,3,MARZO,2025,2,URBANO,1,SISTEMA APORTICADO,32,SANTO DOMINGO,14,ESTRUCTURAS ESPECIALES,1,0,0,0,521.39,7214734.12,521.39,5790.36,9.004448773478678,13837.49999041025
281,3,MARZO,2025,2,URBANO,1,SISTEMA APORTICADO,11,LA ALTAGRACIA,2,APARTAMENTOS,1,52,0,84,11875.14,222213557.25,1979.2,145147.5,1.3635784288396287,18712.5
282,3,MARZO,2025,2,URBANO,2,SISTEMA DE MUROS,21,SAN CRISTOBAL,2,APARTAMENTOS,15,300,0,900,21600.0,291600000.0,4320.0,13209.0,32.704973881444474,13500.0
283,3,MARZO,2025,2,URBANO,4,SISTEMA COMBINADO,32,SANTO DOMINGO,18,CENTROS DE RECREACION Y DEPORTES,0,0,0,0,0.0,0.0,0.0,181339.18,0.0,0.0
284,3,MARZO,2025,2,URBANO,2,SISTEMA DE MUROS,3,BAORUCO,2,APARTAMENTOS,0,0,0,0,0.0,0.0,0.0,15996.96,0.0,0.0
285,3,MARZO,2025,2,URBANO,4,SISTEMA COMBINADO,1,DISTRITO NACIONAL,6,COMERCIAL Y OFICINAS,1,0,0,0,1572.2,21697810.5,393.0,461.55,85.14787130321741,13800.922592545478
286,3,MARZO,2025,2,URBANO,1,SISTEMA APORTICADO,1,DISTRITO NACIONAL,2,APARTAMENTOS,1,12,0,24,2037.82,30484319.97,407.4,629.31,64.73756971921628,14959.280000196288
287,3,MARZO,2025,2,URBANO,2,SISTEMA DE MUROS,25,SANTIAGO,2,APARTAMENTOS,2,12,0,36,1598.4,23976000.0,400.0,2651.16,15.087735180072121,15000.0
288,3,MARZO,2025,2,URBANO,2,SISTEMA DE MUROS,6,DUARTE,2,APARTAMENTOS,1,4,0,12,353.54,5303100.0,71.0,310.4,22.87371134020619,15000.0
289,3,MARZO,2025,2,URBANO,2,SISTEMA DE MUROS,6,DUARTE,2,APARTAMENTOS,0,0,0,0,0.0,0.0,0.0,1259.86,0.0,0.0
290,3,MARZO,2025,2,URBANO,2,SISTEMA DE MUROS,25,SANTIAGO,1,VIVIENDAS,1,1,0,3,326.8,4411800.0,163.4,385.22,42.417319973002435,13500.0
291,3,MARZO,2025,2,URBANO,2,SISTEMA DE MUROS,25,SANTIAGO,2,APARTAMENTOS,1,6,0,18,741.78,11126700.0,247.0,411.77,59.98494305073221,15000.0
292,3,MARZO,2025,2,URBANO,4,SISTEMA COMBINADO,22,SAN JUAN,10,ESTACION DE COMBUSTIBLE,0,0,0,0,0.0,0.0,0.0,2500.0,0.0,0.0
293,3,MARZO,2025,2,URBANO,1,SISTEMA APORTICADO,1,DISTRITO NACIONAL,3,COMBINADOS,1,1,0,3,290.0,3915000.0,290.0,5739.49,5.052713742858686,13500.0
294,3,MARZO,2025,2,URBANO,4,SISTEMA COMBINADO,28,MONSENOR NOUEL,2,APARTAMENTOS,2,11,0,33,1446.18,26283555.0,371.0,932.73,39.775712156787066,18174.469982989667
295,3,MARZO,2025,2,URBANO,2,SISTEMA DE MUROS,13,LA VEGA,2,APARTAMENTOS,3,23,0,69,2684.13,46301242.5,596.07,1604.16,37.15776481149013,17250.0
296,3,MARZO,2025,2,URBANO,4,SISTEMA COMBINADO,13,LA VEGA,3,COMBINADOS,0,0,0,0,0.0,0.0,0.0,40001.0,0.0,0.0
297,3,MARZO,2025,2,URBANO,1,SISTEMA APORTICADO,12,LA ROMANA,2,APARTAMENTOS,1,14,0,32,1710.18,26294017.5,285.0,600.0,47.5,15375.0
298,3,MARZO,2025,2,URBANO,2,SISTEMA DE MUROS,11,LA ALTAGRACIA,2,APARTAMENTOS,0,0,0,0,0.0,0.0,0.0,2687.47,0.0,0.0
299,3,MARZO,2025,2,URBANO,2,SISTEMA DE MUROS,11,LA ALTAGRACIA,2,APARTAMENTOS,0,0,0,0,0.0,0.0,0.0,3071.07,0.0,0.0
300,3,MARZO,2025,2,URBANO,2,SISTEMA DE MUROS,11,LA ALTAGRACIA,1,VIVIENDAS,0,0,0,0,0.0,0.0,0.0,2206.15,0.0,0.0
301,3,MARZO,2025,2,URBANO,2,SISTEMA DE MUROS,11,LA ALTAGRACIA,2,APARTAMENTOS,0,0,0,0,0.0,0.0,0.0,55988.32,0.0,0.0
302,3,MARZO,2025,2,URBANO,1,SISTEMA APORTICADO,11,LA ALTAGRACIA,2,APARTAMENTOS,0,0,0,0,0.0,0.0,0.0,57268.16,0.0,0.0
303,3,MARZO,2025,2,URBANO,1,SISTEMA APORTICADO,1,DISTRITO NACIONAL,2,APARTAMENTOS,0,0,0,0,0.0,0.0,0.0,391.59,0.0,0.0
304,3,MARZO,2025,2,URBANO,2,SISTEMA DE MUROS,1,DISTRITO NACIONAL,1,VIVIENDAS,2,2,0,7,629.57,8499195.0,210.0,652.85,32.16665390212147,13499.999999999998
305,3,MARZO,2025,2,URBANO,1,SISTEMA APORTICADO,1,DISTRITO NACIONAL,2,APARTAMENTOS,0,37,0,37,0.0,0.0,0.0,1000.0,0.0,0.0
306,3,MARZO,2025,2,URBANO,2,SISTEMA DE MUROS,32,SANTO DOMINGO,2,APARTAMENTOS,1,12,0,25,1179.1,15917850.0,294.75,540.8,54.50258875739645,13500.000000000002
307,3,MARZO,2025,2,URBANO,1,SISTEMA APORTICADO,1,DISTRITO NACIONAL,2,APARTAMENTOS,0,0,0,0,0.0,0.0,0.0,712.6,0.0,0.0
308,3,MARZO,2025,2,URBANO,2,SISTEMA DE MUROS,25,SANTIAGO,2,APARTAMENTOS,1,5,0,15,654.78,9821700.0,218.0,400.66,54.41022313183247,15000.0
309,3,MARZO,2025,2,URBANO,2,SISTEMA DE MUROS,12,LA ROMANA,1,VIVIENDAS,1,1,0,3,238.71,2954036.24,238.71,353.79,67.47222928856101,12374.999958108165
310,3,MARZO,2025,3,SUB URBANO,2,SISTEMA DE MUROS,11,LA ALTAGRACIA,3,COMBINADOS,0,0,0,0,0.0,0.0,0.0,25000.0,0.0,0.0
311,3,MARZO,2025,2,URBANO,1,SISTEMA APORTICADO,11,LA ALTAGRACIA,6,COMERCIAL Y OFICINAS,0,0,0,0,0.0,0.0,0.0,9382.7,0.0,0.0
312,3,MARZO,2025,2,URBANO,1,SISTEMA APORTICADO,11,LA ALTAGRACIA,1,VIVIENDAS,1,1,0,4,637.81,8610435.0,318.5,767.62,41.49188400510669,13500.000000000002
313,3,MARZO,2025,2,URBANO,2,SISTEMA DE MUROS,25,SANTIAGO,1,VIVIENDAS,1,1,0,4,320.2,4322700.0,160.1,385.26,41.55635155479416,13500.0
314,3,MARZO,2025,2,URBANO,2,SISTEMA DE MUROS,25,SANTIAGO,2,APARTAMENTOS,2,32,0,96,5529.3,103467026.25,691.125,2347.38,29.442399611481733,18712.5
315,3,MARZO,2025,2,URBANO,1,SISTEMA APORTICADO,25,SANTIAGO,14,ESTRUCTURAS ESPECIALES,1,0,0,0,3208.99,49338221.55,3208.99,10004.22,32.07636377448716,15375.000093487359
316,3,MARZO,2025,2,URBANO,4,SISTEMA COMBINADO,11,LA ALTAGRACIA,19,APARTAMENTOS Y VIVIENDAS,0,0,0,0,0.0,0.0,0.0,154969.69,0.0,0.0
317,3,MARZO,2025,2,URBANO,2,SISTEMA DE MUROS,11,LA ALTAGRACIA,2,APARTAMENTOS,0,0,0,0,0.0,0.0,0.0,8254.24,0.0,0.0
318,3,MARZO,2025,2,URBANO,2,SISTEMA DE MUROS,11,LA ALTAGRACIA,2,APARTAMENTOS,0,0,0,0,0.0,0.0,0.0,1328.62,0.0,0.0
319,3,MARZO,2025,2,URBANO,1,SISTEMA APORTICADO,11,LA ALTAGRACIA,2,APARTAMENTOS,0,0,0,0,0.0,0.0,0.0,11773.9,0.0,0.0
320,3,MARZO,2025,2,URBANO,2,SISTEMA DE MUROS,11,LA ALTAGRACIA,1,VIVIENDAS,1,1,0,5,959.06,12947310.0,479.5,1780.52,26.930334958326778,13500.0
321,3,MARZO,2025,2,URBANO,2,SISTEMA DE MUROS,12,LA ROMANA,2,APARTAMENTOS,1,20,0,40,1740.04,26100600.0,435.0,1450.0,30.0,15000.0
322,3,MARZO,2025,2,URBANO,1,SISTEMA APORTICADO,11,LA ALTAGRACIA,2,APARTAMENTOS,9,36,0,36,7836.44,120485265.0,1959.0,2827.86,69.27499946956355,15375.0
323,3,MARZO,2025,2,URBANO,2,SISTEMA DE MUROS,11,LA ALTAGRACIA,2,APARTAMENTOS,2,12,0,28,1259.2,18888000.0,314.75,949.6,33.1455349620893,15000.0
324,3,MARZO,2025,2,URBANO,2,SISTEMA DE MUROS,11,LA ALTAGRACIA,3,COMBINADOS,16,490,11,770,62330.05,1075193362.5,10388.34166,10820.08,96.00984151688343,17250.0
325,3,MARZO,2025,2,URBANO,2,SISTEMA DE MUROS,25,SANTIAGO,2,APARTAMENTOS,1,30,0,90,5640.13,86716998.75,940.0,2448.06,38.397751689092594,15375.0
326,3,MARZO,2025,2,URBANO,2,SISTEMA DE MUROS,28,MONSENOR NOUEL,10,ESTACION DE COMBUSTIBLE,0,0,0,0,0.0,0.0,0.0,3046.57,0.0,0.0
327,3,MARZO,2025,3,SUB URBANO,2,SISTEMA DE MUROS,20,SAMANA,3,COMBINADOS,9,11,0,20,1581.8,27286050.0,790.5,8935.15,8.847081470372629,17250.0
328,3,MARZO,2025,2,URBANO,2,SISTEMA DE MUROS,6,DUARTE,1,VIVIENDAS,1,1,0,3,263.0,3451875.0,263.0,656.14,40.08290913524553,13125.0
329,3,MARZO,2025,2,URBANO,1,SISTEMA APORTICADO,25,SANTIAGO,2,APARTAMENTOS,0,0,0,0,0.0,0.0,0.0,4142.62,0.0,0.0
330,3,MARZO,2025,2,URBANO,4,SISTEMA COMBINADO,25,SANTIAGO,2,APARTAMENTOS,0,0,0,0,0.0,0.0,0.0,867.6,0.0,0.0
331,3,MARZO,2025,2,URBANO,2,SISTEMA DE MUROS,25,SANTIAGO,2,APARTAMENTOS,1,4,0,12,533.1,7996500.0,133.25,530.21,25.131551649346484,15000.0
332,3,MARZO,2025,2,URBANO,1,SISTEMA APORTICADO,1,DISTRITO NACIONAL,6,COMERCIAL Y OFICINAS,0,0,0,0,0.0,0.0,0.0,4689.22,0.0,0.0
333,3,MARZO,2025,2,URBANO,2,SISTEMA DE MUROS,32,SANTO DOMINGO,2,APARTAMENTOS,1,4,0,8,341.76,5378250.0,85.25,228.76,37.266130442385034,15736.920646067416
334,3,MARZO,2025,2,URBANO,1,SISTEMA APORTICADO,32,SANTO DOMINGO,2,APARTAMENTOS,1,3,0,7,469.82,6161467.5,234.91,335.84,69.94699857074798,13114.527904303775
335,3,MARZO,2025,2,URBANO,1,SISTEMA APORTICADO,1,DISTRITO NACIONAL,3,COMBINADOS,1,180,0,291,26068.83,448958954.25,1533.411,3288.13,46.63474376013114,17222.05999463727
336,3,MARZO,2025,2,URBANO,2,SISTEMA DE MUROS,32,SANTO DOMINGO,2,APARTAMENTOS,1,4,0,12,312.0,4212000.0,78.0,260.0,30.0,13500.0
337,3,MARZO,2025,2,URBANO,2,SISTEMA DE MUROS,32,SANTO DOMINGO,2,APARTAMENTOS,0,0,0,2,254.31,3910016.25,0.0,954.09,0.0,15375.0
338,3,MARZO,2025,2,URBANO,2,SISTEMA DE MUROS,25,SANTIAGO,2,APARTAMENTOS,0,0,0,0,188.31,2824650.0,0.0,490.66,0.0,15000.0
339,3,MARZO,2025,2,URBANO,1,SISTEMA APORTICADO,32,SANTO DOMINGO,2,APARTAMENTOS,0,0,0,0,0.0,0.0,0.0,456.0,0.0,0.0
340,3,MARZO,2025,2,URBANO,1,SISTEMA APORTICADO,32,SANTO DOMINGO,2,APARTAMENTOS,1,12,0,36,2379.08,41604137.71,340.0,875.7,38.826081991549614,17487.490000336264
341,3,MARZO,2025,2,URBANO,1,SISTEMA APORTICADO,32,SANTO DOMINGO,2,APARTAMENTOS,1,8,0,20,1329.0,17550000.0,265.8,476.01,55.839163042793224,13205.417607223477
342,3,MARZO,2025,2,URBANO,2,SISTEMA DE MUROS,24,SANCHEZ RAMIREZ,3,COMBINADOS,295,294,0,882,38205.3,464194395.0,38205.3,272656.52,14.012245150051793,12149.999999999998
343,3,MARZO,2025,2,URBANO,3,SISTEMA DUALES,11,LA ALTAGRACIA,5,HOSPEDAJE,0,0,0,0,0.0,0.0,0.0,14858.68,0.0,0.0
344,3,MARZO,2025,2,URBANO,4,SISTEMA COMBINADO,11,LA ALTAGRACIA,5,HOSPEDAJE,0,0,0,0,0.0,0.0,0.0,115830.96,0.0,0.0
345,3,MARZO,2025,2,URBANO,2,SISTEMA DE MUROS,12,LA ROMANA,1,VIVIENDAS,2,7,0,21,1794.15,24221025.0,987.0,1437.53,68.65943667262596,13500.0
346,3,MARZO,2025,2,URBANO,2,SISTEMA DE MUROS,11,LA ALTAGRACIA,1,VIVIENDAS,3,13,0,13,2191.8,26301600.0,1096.0,1500.0,73.06666666666666,11999.999999999998
347,4,ABRIL,2025,2,URBANO,2,SISTEMA DE MUROS,21,SAN CRISTOBAL,2,APARTAMENTOS,1,3,0,9,416.66,5624910.0,139.0,240.0,57.91666666666667,13500.0
348,4,ABRIL,2025,2,URBANO,2,SISTEMA DE MUROS,25,SANTIAGO,2,APARTAMENTOS,2,56,0,168,10720.34,200604362.25,1531.0,4049.1,37.810871551702846,18712.5
349,4,ABRIL,2025,2,URBANO,2,SISTEMA DE MUROS,13,LA VEGA,2,APARTAMENTOS,1,4,0,12,518.0,7770000.0,125.0,249.58,50.08414135748056,15000.0
350,4,ABRIL,2025,2,URBANO,1,SISTEMA APORTICADO,32,SANTO DOMINGO,5,HOSPEDAJE,0,0,0,0,0.0,0.0,0.0,5032.04,0.0,0.0
351,4,ABRIL,2025,2,URBANO,2,SISTEMA DE MUROS,32,SANTO DOMINGO,2,APARTAMENTOS,10,160,0,288,13975.78,188673030.0,3493.75,233359.76,1.4971518654287268,13500.0
352,4,ABRIL,2025,2,URBANO,2,SISTEMA DE MUROS,32,SANTO DOMINGO,2,APARTAMENTOS,0,0,0,0,0.0,0.0,0.0,13728.89,0.0,0.0
353,4,ABRIL,2025,2,URBANO,1,SISTEMA APORTICADO,13,LA VEGA,6,COMERCIAL Y OFICINAS,1,0,0,0,562.85,10553437.5,281.425,511.8,54.98729972645565,18750.0
354,4,ABRIL,2025,2,URBANO,1,SISTEMA APORTICADO,25,SANTIAGO,6,COMERCIAL Y OFICINAS,1,0,0,0,374.37,5615550.0,125.0,229.45,54.47809980387884,15000.0
355,4,ABRIL,2025,2,URBANO,1,SISTEMA APORTICADO,1,DISTRITO NACIONAL,3,COMBINADOS,1,63,82,90,16135.06,264311806.22,1152.5,1225.57,94.03787625349838,16381.20999983886
356,4,ABRIL,2025,2,URBANO,1,SISTEMA APORTICADO,1,DISTRITO NACIONAL,2,APARTAMENTOS,1,38,0,86,7612.75,128502103.12,692.0,877.0,78.90535917901938,16879.853288233557
357,4,ABRIL,2025,2,URBANO,1,SISTEMA APORTICADO,32,SANTO DOMINGO,11,CENTROS DE SALUD,1,0,0,0,278.42,4510404.0,278.42,567.29,49.07895432671121,16199.999999999998
358,4,ABRIL,2025,2,URBANO,2,SISTEMA DE MUROS,17,PERAVIA,2,APARTAMENTOS,1,8,0,24,1090.72,14724720.0,273.0,546.89,49.9186308032694,13500.0
359,4,ABRIL,2025,2,URBANO,2,SISTEMA DE MUROS,11,LA ALTAGRACIA,2,APARTAMENTOS,0,0,0,0,0.0,0.0,0.0,55864.23,0.0,0.0
360,4,ABRIL,2025,2,URBANO,2,SISTEMA DE MUROS,13,LA VEGA,1,VIVIENDAS,1,1,0,3,964.64,13022640.0,482.0,2472.95,19.490891445439658,13500.0
361,4,ABRIL,2025,2,URBANO,1,SISTEMA APORTICADO,6,DUARTE,6,COMERCIAL Y OFICINAS,1,0,39,0,3393.85,53461860.0,1131.0,2033.91,55.607180258713505,15752.570090015764
362,4,ABRIL,2025,2,URBANO,2,SISTEMA DE MUROS,25,SANTIAGO,2,APARTAMENTOS,0,0,0,0,0.0,0.0,0.0,645.67,0.0,0.0
363,4,ABRIL,2025,2,URBANO,2,SISTEMA DE MUROS,11,LA ALTAGRACIA,2,APARTAMENTOS,6,36,0,72,3231.6,38779200.0,1077.0,2206.15,48.81807674002221,12000.0
364,4,ABRIL,2025,2,URBANO,1,SISTEMA APORTICADO,11,LA ALTAGRACIA,14,ESTRUCTURAS ESPECIALES,0,0,0,0,0.0,0.0,0.0,5320.0,0.0,0.0
365,4,ABRIL,2025,2,URBANO,2,SISTEMA DE MUROS,32,SANTO DOMINGO,2,APARTAMENTOS,1,8,0,16,603.33,8144955.0,151.0,362.34,41.6735662637302,13499.999999999998
366,4,ABRIL,2025,2,URBANO,1,SISTEMA APORTICADO,32,SANTO DOMINGO,2,APARTAMENTOS,1,8,0,22,967.26,14511164.25,193.452,455.67,42.45440779511488,15002.3408907636
367,4,ABRIL,2025,2,URBANO,2,SISTEMA DE MUROS,32,SANTO DOMINGO,2,APARTAMENTOS,0,0,0,0,0.0,0.0,0.0,280528.27,0.0,0.0
368,4,ABRIL,2025,2,URBANO,2,SISTEMA DE MUROS,32,SANTO DOMINGO,2,APARTAMENTOS,0,0,0,0,0.0,0.0,0.0,15369.35,0.0,0.0
369,4,ABRIL,2025,2,URBANO,2,SISTEMA DE MUROS,25,SANTIAGO,2,APARTAMENTOS,0,0,0,0,0.0,0.0,0.0,1575.33,0.0,0.0
370,4,ABRIL,2025,2,URBANO,1,SISTEMA APORTICADO,32,SANTO DOMINGO,6,COMERCIAL Y OFICINAS,0,0,0,0,0.0,0.0,0.0,333.85,0.0,0.0
371,4,ABRIL,2025,2,URBANO,1,SISTEMA APORTICADO,1,DISTRITO NACIONAL,2,APARTAMENTOS,0,0,0,0,0.0,0.0,0.0,1164.0,0.0,0.0
372,4,ABRIL,2025,2,URBANO,2,SISTEMA DE MUROS,20,SAMANA,1,VIVIENDAS,1,1,0,5,943.88,12742380.0,347.26,1827.0,19.00711548987411,13500.0
373,4,ABRIL,2025,2,URBANO,2,SISTEMA DE MUROS,25,SANTIAGO,2,APARTAMENTOS,1,8,0,24,1202.88,18494280.0,300.0,730.62,41.06101667077277,15374.999999999998
374,4,ABRIL,2025,2,URBANO,2,SISTEMA DE MUROS,9,ESPAILLAT,2,APARTAMENTOS,1,2,0,6,794.8,11922000.0,264.0,264.39,99.85249063882901,15000.0
375,4,ABRIL,2025,2,URBANO,2,SISTEMA DE MUROS,32,SANTO DOMINGO,2,APARTAMENTOS,4,48,0,144,6610.0,101133000.0,1322.0,3186.04,41.49351546119948,15300.0
376,4,ABRIL,2025,2,URBANO,1,SISTEMA APORTICADO,25,SANTIAGO,6,COMERCIAL Y OFICINAS,0,0,11,0,0.0,0.0,0.0,5928.03,0.0,0.0
377,4,ABRIL,2025,2,URBANO,1,SISTEMA APORTICADO,32,SANTO DOMINGO,6,COMERCIAL Y OFICINAS,1,0,3,0,769.48,10387980.0,769.48,3000.0,25.649333333333335,13500.0
378,4,ABRIL,2025,2,URBANO,2,SISTEMA DE MUROS,1,DISTRITO NACIONAL,1,VIVIENDAS,0,0,0,0,0.0,0.0,0.0,448.1,0.0,0.0
379,4,ABRIL,2025,2,URBANO,2,SISTEMA DE MUROS,11,LA ALTAGRACIA,2,APARTAMENTOS,3,110,0,180,12831.44,221342340.0,2566.2,8254.24,31.089476438775705,17250.0
380,4,ABRIL,2025,2,URBANO,1,SISTEMA APORTICADO,1,DISTRITO NACIONAL,6,COMERCIAL Y OFICINAS,0,0,0,0,0.0,0.0,0.0,500.0,0.0,0.0
381,4,ABRIL,2025,2,URBANO,4,SISTEMA COMBINADO,25,SANTIAGO,2,APARTAMENTOS,0,0,0,0,0.0,0.0,0.0,915.37,0.0,0.0
382,4,ABRIL,2025,2,URBANO,1,SISTEMA APORTICADO,1,DISTRITO NACIONAL,1,VIVIENDAS,1,1,0,3,235.5,3179250.0,78.0,527.95,14.774126337721375,13500.0
383,4,ABRIL,2025,2,URBANO,1,SISTEMA APORTICADO,32,SANTO DOMINGO,14,ESTRUCTURAS ESPECIALES,1,0,0,0,6772.0,91422000.0,6772.0,15941.99,42.47901297140445,13500.0
384,4,ABRIL,2025,2,URBANO,1,SISTEMA APORTICADO,1,DISTRITO NACIONAL,6,COMERCIAL Y OFICINAS,1,0,0,0,655.85,9837750.0,328.0,960.45,34.15065854547347,15000.0
385,4,ABRIL,2025,2,URBANO,1,SISTEMA APORTICADO,1,DISTRITO NACIONAL,2,APARTAMENTOS,0,0,0,0,0.0,0.0,0.0,399.4,0.0,0.0
386,4,ABRIL,2025,2,URBANO,1,SISTEMA APORTICADO,1,DISTRITO NACIONAL,2,APARTAMENTOS,1,17,0,23,1868.4,27720192.0,312.08,410.4,76.04288499025341,14836.326268464996
387,4,ABRIL,2025,2,URBANO,2,SISTEMA DE MUROS,32,SANTO DOMINGO,2,APARTAMENTOS,3,30,0,90,2843.92,38392920.0,569.0,1803.1,31.55676335200488,13500.0
388,4,ABRIL,2025,2,URBANO,2,SISTEMA DE MUROS,1,DISTRITO NACIONAL,1,VIVIENDAS,1,1,0,3,160.84,2171340.0,80.0,190.47,42.00136504436394,13500.0
389,4,ABRIL,2025,2,URBANO,2,SISTEMA DE MUROS,18,PUERTO PLATA,3,COMBINADOS,0,0,0,0,0.0,0.0,0.0,81276.77,0.0,0.0
390,4,ABRIL,2025,2,URBANO,1,SISTEMA APORTICADO,1,DISTRITO NACIONAL,11,CENTROS DE SALUD,1,0,0,0,997.07,16735198.5,499.0,576.0,86.63194444444444,16784.376723800735
391,4,ABRIL,2025,2,URBANO,1,SISTEMA APORTICADO,1,DISTRITO NACIONAL,2,APARTAMENTOS,1,12,0,28,1760.62,25315783.5,352.0,480.11,73.31653162816855,14378.902602492304
392,4,ABRIL,2025,2,URBANO,4,SISTEMA COMBINADO,1,DISTRITO NACIONAL,2,APARTAMENTOS,1,294,0,672,43208.98,714854092.5,2700.0,4246.78,63.5775811320577,16544.109407350046
393,4,ABRIL,2025,2,URBANO,2,SISTEMA DE MUROS,25,SANTIAGO,1,VIVIENDAS,1,1,0,3,165.31,2107702.5,161.0,289.04,55.701632991973426,12750.0
394,4,ABRIL,2025,2,URBANO,2,SISTEMA DE MUROS,11,LA ALTAGRACIA,2,APARTAMENTOS,0,0,0,0,0.0,0.0,0.0,31932.45,0.0,0.0
395,4,ABRIL,2025,2,URBANO,4,SISTEMA COMBINADO,1,DISTRITO NACIONAL,2,APARTAMENTOS,0,24,0,15,459.72,8602510.5,0.0,719.78,0.0,18712.5
396,4,ABRIL,2025,3,SUB URBANO,2,SISTEMA DE MUROS,11,LA ALTAGRACIA,3,COMBINADOS,10,144,0,144,14789.55,249573656.25,3697.25,25000.0,14.789,16875.0
397,4,ABRIL,2025,2,URBANO,2,SISTEMA DE MUROS,11,LA ALTAGRACIA,2,APARTAMENTOS,4,44,0,50,7812.73,118220613.0,2530.16,5227.0,48.40558637841974,15131.792984014552
398,4,ABRIL,2025,2,URBANO,2,SISTEMA DE MUROS,11,LA ALTAGRACIA,2,APARTAMENTOS,22,616,0,704,58215.26,895059622.5,14553.0,55988.32,25.992921380745127,15375.0
399,4,ABRIL,2025,2,URBANO,1,SISTEMA APORTICADO,23,SAN PEDRO DE MACORIS,6,COMERCIAL Y OFICINAS,1,0,13,0,292.33,4384950.0,146.0,667.13,21.884790070900724,15000.0
400,4,ABRIL,2025,2,URBANO,2,SISTEMA DE MUROS,27,VALVERDE,1,VIVIENDAS,1,1,0,3,204.0,2677500.0,204.0,611.02,33.38679584956303,13125.0
401,4,ABRIL,2025,2,URBANO,2,SISTEMA DE MUROS,1,DISTRITO NACIONAL,2,APARTAMENTOS,1,92,0,184,12207.44,212180152.5,718.0,761.89,94.23932588693906,17381.216086255594
402,4,ABRIL,2025,2,URBANO,2,SISTEMA DE MUROS,32,SANTO DOMINGO,2,APARTAMENTOS,20,160,0,480,17166.0,238495185.0,4250.0,13079.0,32.494839054973625,13893.462950017476
403,4,ABRIL,2025,2,URBANO,1,SISTEMA APORTICADO,32,SANTO DOMINGO,8,COLEGIOS Y CENTROS EDUCATIVOS,0,0,0,0,0.0,0.0,0.0,20832.99,0.0,0.0
404,4,ABRIL,2025,2,URBANO,2,SISTEMA DE MUROS,32,SANTO DOMINGO,2,APARTAMENTOS,1,3,0,9,480.53,6487155.0,160.0,280.8,56.98005698005698,13500.0
405,4,ABRIL,2025,2,URBANO,2,SISTEMA DE MUROS,32,SANTO DOMINGO,2,APARTAMENTOS,0,0,0,0,0.0,0.0,0.0,57188.29,0.0,0.0
406,4,ABRIL,2025,2,URBANO,2,SISTEMA DE MUROS,9,ESPAILLAT,2,APARTAMENTOS,1,6,0,12,538.0,8064300.0,179.0,401.22,44.61392752106076,14989.405204460967
407,4,ABRIL,2025,2,URBANO,2,SISTEMA DE MUROS,25,SANTIAGO,1,VIVIENDAS,1,1,0,5,521.43,7743235.5,245.0,450.0,54.44444444444444,14850.000000000002
408,4,ABRIL,2025,2,URBANO,2,SISTEMA DE MUROS,27,VALVERDE,1,VIVIENDAS,1,1,0,3,208.82,2740762.5,208.82,352.83,59.1843097242298,13125.0
409,4,ABRIL,2025,2,URBANO,2,SISTEMA DE MUROS,11,LA ALTAGRACIA,1,VIVIENDAS,1,1,0,3,591.79,7989165.0,296.0,768.92,38.49555220309005,13500.0
410,4,ABRIL,2025,2,URBANO,1,SISTEMA APORTICADO,12,LA ROMANA,14,ESTRUCTURAS ESPECIALES,1,0,0,0,11797.65,159268275.0,11797.65,20465.82,57.64562573109701,13500.0
411,4,ABRIL,2025,2,URBANO,4,SISTEMA COMBINADO,13,LA VEGA,11,CENTROS DE SALUD,1,0,0,0,2195.13,43463574.0,297.46,1230.0,24.18373983739837,19800.0
412,4,ABRIL,2025,2,URBANO,1,SISTEMA APORTICADO,26,SANTIAGO RODRIGUEZ,11,CENTROS DE SALUD,0,0,0,0,0.0,0.0,0.0,6500.17,0.0,0.0
413,4,ABRIL,2025,2,URBANO,4,SISTEMA COMBINADO,11,LA ALTAGRACIA,5,HOSPEDAJE,0,0,0,0,0.0,0.0,0.0,115830.96,0.0,0.0
414,4,ABRIL,2025,2,URBANO,1,SISTEMA APORTICADO,11,LA ALTAGRACIA,6,COMERCIAL Y OFICINAS,0,0,0,0,0.0,0.0,0.0,9094.77,0.0,0.0
415,4,ABRIL,2025,2,URBANO,1,SISTEMA APORTICADO,25,SANTIAGO,2,APARTAMENTOS,0,0,0,0,0.0,0.0,0.0,387.5,0.0,0.0
416,4,ABRIL,2025,2,URBANO,2,SISTEMA DE MUROS,25,SANTIAGO,1,VIVIENDAS,1,1,0,4,287.66,3888000.0,143.5,360.0,39.861111111111114,13515.956337342695
417,4,ABRIL,2025,2,URBANO,1,SISTEMA APORTICADO,1,DISTRITO NACIONAL,2,APARTAMENTOS,1,12,0,24,1943.14,28401558.75,388.0,468.73,82.77686514624624,14616.321392179667
418,4,ABRIL,2025,2,URBANO,1,SISTEMA APORTICADO,1,DISTRITO NACIONAL,11,CENTROS DE SALUD,0,0,0,0,780.0,12636000.0,0.0,10870.52,0.0,16200.0
419,4,ABRIL,2025,2,URBANO,2,SISTEMA DE MUROS,25,SANTIAGO,1,VIVIENDAS,0,0,0,0,0.0,0.0,0.0,12990.23,0.0,0.0
420,4,ABRIL,2025,2,URBANO,1,SISTEMA APORTICADO,25,SANTIAGO,2,APARTAMENTOS,0,0,0,0,0.0,0.0,0.0,810.2,0.0,0.0
421,4,ABRIL,2025,2,URBANO,2,SISTEMA DE MUROS,11,LA ALTAGRACIA,2,APARTAMENTOS,0,0,0,0,0.0,0.0,0.0,17640.32,0.0,0.0
422,4,ABRIL,2025,2,URBANO,2,SISTEMA DE MUROS,11,LA ALTAGRACIA,2,APARTAMENTOS,2,42,0,62,1061.86,15927900.0,265.25,3851.18,6.887499415763481,15000.000000000002
423,4,ABRIL,2025,2,URBANO,1,SISTEMA APORTICADO,25,SANTIAGO,3,COMBINADOS,1,3,4,7,785.24,11778600.0,210.0,360.01,58.331713007972,15000.0
424,4,ABRIL,2025,3,SUB URBANO,4,SISTEMA COMBINADO,18,PUERTO PLATA,3,COMBINADOS,3,70,0,166,16175.73,327558532.5,4043.75,14406.41,28.069102573090728,20250.0
425,4,ABRIL,2025,2,URBANO,2,SISTEMA DE MUROS,18,PUERTO PLATA,2,APARTAMENTOS,0,0,0,0,0.0,0.0,0.0,932.4,0.0,0.0
426,4,ABRIL,2025,2,URBANO,1,SISTEMA APORTICADO,25,SANTIAGO,2,APARTAMENTOS,1,18,0,54,2691.46,50363945.25,449.0,1326.15,33.85740677902198,18712.5
427,4,ABRIL,2025,2,URBANO,2,SISTEMA DE MUROS,25,SANTIAGO,2,APARTAMENTOS,1,8,0,24,982.97,14744550.0,245.5,699.53,35.09499235200778,15000.0
428,4,ABRIL,2025,2,URBANO,1,SISTEMA APORTICADO,1,DISTRITO NACIONAL,6,COMERCIAL Y OFICINAS,1,0,0,0,4411.08,64575987.75,735.18,1452.2,50.62525822889409,14639.495939769853
429,4,ABRIL,2025,2,URBANO,1,SISTEMA APORTICADO,32,SANTO DOMINGO,2,APARTAMENTOS,1,8,0,13,815.16,11913562.5,136.0,248.04,54.829866150620866,14614.998895922274
430,4,ABRIL,2025,2,URBANO,2,SISTEMA DE MUROS,32,SANTO DOMINGO,2,APARTAMENTOS,1,4,0,12,716.97,11023413.75,143.0,367.92,38.867145031528594,15375.0
431,4,ABRIL,2025,2,URBANO,2,SISTEMA DE MUROS,1,DISTRITO NACIONAL,6,COMERCIAL Y OFICINAS,0,0,0,0,0.0,0.0,0.0,274.02,0.0,0.0
432,4,ABRIL,2025,2,URBANO,1,SISTEMA APORTICADO,32,SANTO DOMINGO,2,APARTAMENTOS,0,0,0,0,0.0,0.0,0.0,311.39,0.0,0.0
433,4,ABRIL,2025,2,URBANO,4,SISTEMA COMBINADO,21,SAN CRISTOBAL,10,ESTACION DE COMBUSTIBLE,1,0,0,0,507.93,7047528.75,507.93,42102.2,1.206421517165374,13875.0
434,4,ABRIL,2025,2,URBANO,1,SISTEMA APORTICADO,32,SANTO DOMINGO,2,APARTAMENTOS,0,0,0,0,0.0,0.0,0.0,602.0,0.0,0.0
435,4,ABRIL,2025,2,URBANO,4,SISTEMA COMBINADO,32,SANTO DOMINGO,2,APARTAMENTOS,4,32,0,92,8448.06,114048810.0,2112.0,2318.73,91.08434358463468,13500.0
436,4,ABRIL,2025,2,URBANO,1,SISTEMA APORTICADO,1,DISTRITO NACIONAL,2,APARTAMENTOS,1,36,0,36,7141.63,119247795.42,1020.0,1036.64,98.3948140145084,16697.559999607933
437,4,ABRIL,2025,2,URBANO,1,SISTEMA APORTICADO,24,SANCHEZ RAMIREZ,2,APARTAMENTOS,2,6,0,18,860.0,12900000.0,287.0,616.3,46.56822975823463,15000.0
438,4,ABRIL,2025,2,URBANO,2,SISTEMA DE MUROS,25,SANTIAGO,2,APARTAMENTOS,1,8,0,24,807.38,12110700.0,202.0,440.14,45.89448811741719,15000.0
439,4,ABRIL,2025,2,URBANO,2,SISTEMA DE MUROS,18,PUERTO PLATA,2,APARTAMENTOS,7,50,0,50,8455.46,145856685.0,2113.0,5743.53,36.7892219593177,17250.0
440,4,ABRIL,2025,2,URBANO,2,SISTEMA DE MUROS,32,SANTO DOMINGO,2,APARTAMENTOS,0,0,0,0,0.0,0.0,0.0,5229.82,0.0,0.0
441,4,ABRIL,2025,2,URBANO,2,SISTEMA DE MUROS,32,SANTO DOMINGO,2,APARTAMENTOS,0,0,0,0,0.0,0.0,0.0,6523.18,0.0,0.0
442,4,ABRIL,2025,2,URBANO,1,SISTEMA APORTICADO,1,DISTRITO NACIONAL,2,APARTAMENTOS,1,14,0,33,1843.99,27182251.5,500.0,742.12,67.37454859052444,14740.997239681343
443,4,ABRIL,2025,2,URBANO,2,SISTEMA DE MUROS,32,SANTO DOMINGO,2,APARTAMENTOS,1,3,0,6,260.69,3519315.0,71.9,180.0,39.94444444444445,13500.0
444,4,ABRIL,2025,2,URBANO,2,SISTEMA DE MUROS,13,LA VEGA,2,APARTAMENTOS,0,0,0,0,0.0,0.0,0.0,10000.0,0.0,0.0
445,4,ABRIL,2025,2,URBANO,2,SISTEMA DE MUROS,9,ESPAILLAT,2,APARTAMENTOS,1,8,0,24,939.45,14091750.0,235.0,598.08,39.29240235420011,15000.0
446,4,ABRIL,2025,2,URBANO,1,SISTEMA APORTICADO,25,SANTIAGO,2,APARTAMENTOS,1,20,0,60,6175.83,115565218.88,441.0,739.41,59.64214711729623,18712.500000809607
447,4,ABRIL,2025,2,URBANO,1,SISTEMA APORTICADO,25,SANTIAGO,2,APARTAMENTOS,0,0,0,0,0.0,0.0,0.0,2534.36,0.0,0.0
448,4,ABRIL,2025,2,URBANO,2,SISTEMA DE MUROS,25,SANTIAGO,2,APARTAMENTOS,12,96,0,288,11739.0,176085000.0,2934.75,8109.05,36.19104580684544,15000.0
449,4,ABRIL,2025,2,URBANO,1,SISTEMA APORTICADO,25,SANTIAGO,1,VIVIENDAS,1,1,0,5,728.19,10813621.5,242.73,357.09,67.97446022011258,14849.999999999998
450,4,ABRIL,2025,2,URBANO,2,SISTEMA DE MUROS,11,LA ALTAGRACIA,2,APARTAMENTOS,2,60,0,60,7650.8,114762000.0,1912.5,6799.94,28.125248163954392,15000.0
451,4,ABRIL,2025,2,URBANO,1,SISTEMA APORTICADO,11,LA ALTAGRACIA,1,VIVIENDAS,1,1,0,4,535.71,7232085.0,268.0,686.02,39.065916445584676,13499.999999999998
452,4,ABRIL,2025,2,URBANO,2,SISTEMA DE MUROS,11,LA ALTAGRACIA,2,APARTAMENTOS,4,32,0,32,2307.63,38941256.25,638.12,2052.49,31.09004185160464,16875.0
453,4,ABRIL,2025,2,URBANO,1,SISTEMA APORTICADO,11,LA ALTAGRACIA,3,COMBINADOS,1,0,30,150,22484.34,379423237.5,7495.0,43002.37,17.429271921524325,16875.0
454,4,ABRIL,2025,2,URBANO,1,SISTEMA APORTICADO,18,PUERTO PLATA,10,ESTACION DE COMBUSTIBLE,1,0,0,0,703.0,9490500.0,703.0,213529.0,0.3292292850151502,13500.0
455,4,ABRIL,2025,2,URBANO,1,SISTEMA APORTICADO,32,SANTO DOMINGO,2,APARTAMENTOS,1,10,0,30,1786.32,26279772.75,298.0,480.15,62.06393835259815,14711.682537283354
456,4,ABRIL,2025,2,URBANO,2,SISTEMA DE MUROS,18,PUERTO PLATA,2,APARTAMENTOS,0,0,0,0,986.07,14791050.0,246.5,1134.94,21.7192098260701,15000.0
457,4,ABRIL,2025,2,URBANO,1,SISTEMA APORTICADO,1,DISTRITO NACIONAL,1,VIVIENDAS,1,1,0,1,108.57,1318639.5,54.0,66.49,81.2152203338848,12145.52362531086
458,4,ABRIL,2025,2,URBANO,2,SISTEMA DE MUROS,32,SANTO DOMINGO,2,APARTAMENTOS,0,0,0,0,0.0,0.0,0.0,68727.66,0.0,0.0
459,4,ABRIL,2025,2,URBANO,2,SISTEMA DE MUROS,25,SANTIAGO,2,APARTAMENTOS,1,6,0,18,665.85,9981000.0,222.0,410.67,54.05800277595149,14989.862581662535
460,4,ABRIL,2025,2,URBANO,1,SISTEMA APORTICADO,1,DISTRITO NACIONAL,2,APARTAMENTOS,1,28,0,28,3161.43,54234569.6,395.0,601.83,65.63315221906518,17155.075266572407
461,4,ABRIL,2025,2,URBANO,1,SISTEMA APORTICADO,32,SANTO DOMINGO,14,ESTRUCTURAS ESPECIALES,2,0,0,0,1798.42,27650707.5,1798.42,2910.58,61.78905922530905,15375.0
462,4,ABRIL,2025,2,URBANO,4,SISTEMA COMBINADO,1,DISTRITO NACIONAL,2,APARTAMENTOS,0,0,0,0,0.0,0.0,0.0,830.66,0.0,0.0
463,4,ABRIL,2025,2,URBANO,1,SISTEMA APORTICADO,32,SANTO DOMINGO,2,APARTAMENTOS,1,12,0,30,1599.51,22901100.0,400.0,714.21,56.0059366292827,14317.572256503554
464,4,ABRIL,2025,2,URBANO,2,SISTEMA DE MUROS,32,SANTO DOMINGO,1,VIVIENDAS,1,1,0,4,394.53,4793539.5,197.0,341.39,57.705263774568685,12150.0
465,4,ABRIL,2025,2,URBANO,1,SISTEMA APORTICADO,1,DISTRITO NACIONAL,2,APARTAMENTOS,1,45,0,45,3687.58,53284911.75,527.0,712.6,73.9545326971653,14449.832071439807
466,4,ABRIL,2025,2,URBANO,1,SISTEMA APORTICADO,1,DISTRITO NACIONAL,2,APARTAMENTOS,1,12,0,12,1653.21,30686255.8,413.25,661.19,62.50094526535489,18561.61999987902
467,4,ABRIL,2025,2,URBANO,2,SISTEMA DE MUROS,32,SANTO DOMINGO,2,APARTAMENTOS,0,0,0,0,0.0,0.0,0.0,14297.94,0.0,0.0
468,4,ABRIL,2025,2,URBANO,1,SISTEMA APORTICADO,11,LA ALTAGRACIA,6,COMERCIAL Y OFICINAS,1,0,0,0,5436.5,83586188.0,5436.5,12200.14,44.560964054510855,15375.000091970936
469,4,ABRIL,2025,2,URBANO,2,SISTEMA DE MUROS,25,SANTIAGO,2,APARTAMENTOS,1,8,0,19,1224.55,18827456.25,245.0,511.68,47.88148843026892,15375.0
470,4,ABRIL,2025,2,URBANO,1,SISTEMA APORTICADO,1,DISTRITO NACIONAL,2,APARTAMENTOS,1,33,0,45,7517.51,122328497.62,578.0,600.0,96.33333333333334,16272.475543098712
471,4,ABRIL,2025,2,URBANO,2,SISTEMA DE MUROS,32,SANTO DOMINGO,2,APARTAMENTOS,1,5,0,15,612.08,9410730.0,122.0,354.61,34.403993119201374,15374.999999999998
472,4,ABRIL,2025,2,URBANO,2,SISTEMA DE MUROS,32,SANTO DOMINGO,2,APARTAMENTOS,1,4,0,12,606.82,8104374.0,121.0,219.85,55.03752558562657,13355.482680201707
473,4,ABRIL,2025,2,URBANO,1,SISTEMA APORTICADO,1,DISTRITO NACIONAL,6,COMERCIAL Y OFICINAS,0,0,0,0,0.0,0.0,0.0,14348.02,0.0,0.0
474,4,ABRIL,2025,2,URBANO,1,SISTEMA APORTICADO,32,SANTO DOMINGO,6,COMERCIAL Y OFICINAS,1,0,0,0,1845.79,24918165.0,615.0,1750.0,35.14285714285714,13500.0
475,4,ABRIL,2025,2,URBANO,4,SISTEMA COMBINADO,1,DISTRITO NACIONAL,2,APARTAMENTOS,1,26,0,52,6989.66,107859190.88,582.47,702.78,82.88084464555054,15431.250000715341
476,4,ABRIL,2025,2,URBANO,1,SISTEMA APORTICADO,1,DISTRITO NACIONAL,14,ESTRUCTURAS ESPECIALES,1,0,0,0,7775.11,119542316.25,7775.0,16800.0,46.279761904761905,15375.0
477,4,ABRIL,2025,2,URBANO,2,SISTEMA DE MUROS,32,SANTO DOMINGO,2,APARTAMENTOS,1,12,0,36,1137.0,15349500.0,284.25,896.55,31.70486866320897,13500.0
478,4,ABRIL,2025,2,URBANO,1,SISTEMA APORTICADO,32,SANTO DOMINGO,2,APARTAMENTOS,1,24,0,69,6478.0,111097700.0,498.0,496.53,100.29605461905626,17150.0
479,4,ABRIL,2025,2,URBANO,1,SISTEMA APORTICADO,25,SANTIAGO,6,COMERCIAL Y OFICINAS,1,0,2,0,250.66,3759900.0,125.0,323.84,38.59930830039526,15000.0
480,4,ABRIL,2025,2,URBANO,2,SISTEMA DE MUROS,25,SANTIAGO,1,VIVIENDAS,1,1,0,4,442.9,5979150.0,221.0,476.88,46.34289548733434,13500.0
481,4,ABRIL,2025,3,SUB URBANO,2,SISTEMA DE MUROS,25,SANTIAGO,2,APARTAMENTOS,0,0,0,0,0.0,0.0,0.0,3075.21,0.0,0.0
482,4,ABRIL,2025,2,URBANO,2,SISTEMA DE MUROS,9,ESPAILLAT,2,APARTAMENTOS,0,0,0,0,0.0,0.0,0.0,711.38,0.0,0.0
483,4,ABRIL,2025,2,URBANO,4,SISTEMA COMBINADO,6,DUARTE,2,APARTAMENTOS,0,0,0,0,0.0,0.0,0.0,771.73,0.0,0.0
484,4,ABRIL,2025,2,URBANO,1,SISTEMA APORTICADO,20,SAMANA,1,VIVIENDAS,0,0,0,0,0.0,0.0,0.0,15001.76,0.0,0.0
485,4,ABRIL,2025,2,URBANO,2,SISTEMA DE MUROS,6,DUARTE,2,APARTAMENTOS,1,4,0,12,402.2,5429700.0,201.0,407.55,49.3191019506809,13500.0
486,4,ABRIL,2025,2,URBANO,2,SISTEMA DE MUROS,19,HERMANAS MIRABAL,2,APARTAMENTOS,1,4,0,10,445.0,6673575.0,223.0,399.14,55.87012075963321,14996.797752808989
487,4,ABRIL,2025,2,URBANO,2,SISTEMA DE MUROS,6,DUARTE,2,APARTAMENTOS,1,12,0,37,1132.73,23283000.0,283.0,1132.74,24.98366792026414,20554.765919504207
488,4,ABRIL,2025,2,URBANO,2,SISTEMA DE MUROS,6,DUARTE,2,APARTAMENTOS,1,5,0,14,712.0,10680000.0,237.0,592.15,40.023642658110276,15000.0
489,4,ABRIL,2025,2,URBANO,1,SISTEMA APORTICADO,21,SAN CRISTOBAL,2,APARTAMENTOS,0,0,0,0,0.0,0.0,0.0,711.05,0.0,0.0
490,4,ABRIL,2025,2,URBANO,1,SISTEMA APORTICADO,11,LA ALTAGRACIA,14,ESTRUCTURAS ESPECIALES,0,0,0,0,0.0,0.0,0.0,5320.0,0.0,0.0
491,4,ABRIL,2025,2,URBANO,1,SISTEMA APORTICADO,12,LA ROMANA,6,COMERCIAL Y OFICINAS,0,0,0,0,0.0,0.0,0.0,6234.0,0.0,0.0
492,4,ABRIL,2025,2,URBANO,1,SISTEMA APORTICADO,11,LA ALTAGRACIA,2,APARTAMENTOS,0,0,0,0,0.0,0.0,0.0,21361.93,0.0,0.0
493,4,ABRIL,2025,2,URBANO,1,SISTEMA APORTICADO,23,SAN PEDRO DE MACORIS,14,ESTRUCTURAS ESPECIALES,0,0,0,0,0.0,0.0,0.0,33608.3,0.0,0.0
494,4,ABRIL,2025,2,URBANO,1,SISTEMA APORTICADO,12,LA ROMANA,11,CENTROS DE SALUD,1,0,0,0,7554.09,135973620.0,2518.0,7183.93,35.05045288581598,18000.0
495,4,ABRIL,2025,2,URBANO,2,SISTEMA DE MUROS,11,LA ALTAGRACIA,1,VIVIENDAS,2,8,0,16,592.15,7105800.0,296.0,599.94,49.338267160049334,12000.0
496,4,ABRIL,2025,2,URBANO,2,SISTEMA DE MUROS,23,SAN PEDRO DE MACORIS,1,VIVIENDAS,1,1,0,3,252.4,3407400.0,126.0,261.87,48.115477145148354,13500.0
497,4,ABRIL,2025,2,URBANO,2,SISTEMA DE MUROS,11,LA ALTAGRACIA,1,VIVIENDAS,7,23,0,61,3986.13,47833560.0,1993.0,5788.3,34.431525663839125,12000.0
498,4,ABRIL,2025,2,URBANO,1,SISTEMA APORTICADO,32,SANTO DOMINGO,2,APARTAMENTOS,0,0,0,0,0.0,0.0,0.0,213.5,0.0,0.0
499,4,ABRIL,2025,2,URBANO,2,SISTEMA DE MUROS,32,SANTO DOMINGO,2,APARTAMENTOS,0,0,0,0,0.0,0.0,0.0,379.17,0.0,0.0
500,4,ABRIL,2025,2,URBANO,1,SISTEMA APORTICADO,1,DISTRITO NACIONAL,2,APARTAMENTOS,0,0,0,0,0.0,0.0,0.0,1040.68,0.0,0.0
501,4,ABRIL,2025,2,URBANO,1,SISTEMA APORTICADO,1,DISTRITO NACIONAL,2,APARTAMENTOS,1,140,0,140,17973.44,303005902.5,856.0,1093.27,78.29721843643382,16858.53695786672
502,4,ABRIL,2025,2,URBANO,1,SISTEMA APORTICADO,32,SANTO DOMINGO,2,APARTAMENTOS,1,6,0,15,1118.0,14779800.0,280.0,400.0,70.0,13219.856887298747
503,4,ABRIL,2025,2,URBANO,4,SISTEMA COMBINADO,11,LA ALTAGRACIA,2,APARTAMENTOS,11,196,0,348,53152.31,880585641.0,8288.29,39223.51,21.13092377505226,16567.212996010898
504,4,ABRIL,2025,2,URBANO,2,SISTEMA DE MUROS,11,LA ALTAGRACIA,1,VIVIENDAS,1,1,0,7,1130.74,35618310.0,565.0,1754.46,32.20364100634953,31500.0
505,4,ABRIL,2025,2,URBANO,2,SISTEMA DE MUROS,11,LA ALTAGRACIA,2,APARTAMENTOS,1,58,0,116,16192.2,279315450.0,4048.0,5733.94,70.59718099596438,17250.0
506,4,ABRIL,2025,2,URBANO,1,SISTEMA APORTICADO,11,LA ALTAGRACIA,5,HOSPEDAJE,0,0,0,0,0.0,0.0,0.0,26493.9,0.0,0.0
507,4,ABRIL,2025,2,URBANO,2,SISTEMA DE MUROS,11,LA ALTAGRACIA,1,VIVIENDAS,0,0,0,0,0.0,0.0,0.0,4350.63,0.0,0.0
508,4,ABRIL,2025,2,URBANO,2,SISTEMA DE MUROS,11,LA ALTAGRACIA,3,COMBINADOS,0,0,0,0,0.0,0.0,0.0,17654.74,0.0,0.0
509,4,ABRIL,2025,2,URBANO,2,SISTEMA DE MUROS,11,LA ALTAGRACIA,1,VIVIENDAS,0,0,0,0,0.0,0.0,0.0,728.86,0.0,0.0
510,5,MAYO,2025,2,URBANO,1,SISTEMA APORTICADO,32,SANTO DOMINGO,2,APARTAMENTOS,1,12,0,33,1811.15,23883073.59,452.75,668.25,67.7515899738122,13186.689998067526
511,5,MAYO,2025,2,URBANO,1,SISTEMA APORTICADO,32,SANTO DOMINGO,6,COMERCIAL Y OFICINAS,0,0,0,0,0.0,0.0,0.0,557.89,0.0,0.0
512,5,MAYO,2025,2,URBANO,1,SISTEMA APORTICADO,32,SANTO DOMINGO,14,ESTRUCTURAS ESPECIALES,0,0,0,0,0.0,0.0,0.0,10322.04,0.0,0.0
513,5,MAYO,2025,2,URBANO,2,SISTEMA DE MUROS,25,SANTIAGO,2,APARTAMENTOS,0,0,0,0,0.0,0.0,0.0,11965.5,0.0,0.0
514,5,MAYO,2025,2,URBANO,2,SISTEMA DE MUROS,25,SANTIAGO,1,VIVIENDAS,1,1,0,3,520.55,6832218.75,520.55,980.59,53.08538736882896,13125.000000000002
515,5,MAYO,2025,3,SUB URBANO,4,SISTEMA COMBINADO,2,AZUA,10,ESTACION DE COMBUSTIBLE,1,0,0,0,497.32,6900315.0,497.32,6983.05,7.121816398278689,13875.0
516,5,MAYO,2025,2,URBANO,2,SISTEMA DE MUROS,32,SANTO DOMINGO,2,APARTAMENTOS,5,40,0,120,3594.8,48529800.0,898.5,3445.7,26.07597875613083,13500.0
517,5,MAYO,2025,2,URBANO,4,SISTEMA COMBINADO,1,DISTRITO NACIONAL,2,APARTAMENTOS,0,0,0,0,0.0,0.0,0.0,733.79,0.0,0.0
518,5,MAYO,2025,2,URBANO,2,SISTEMA DE MUROS,1,DISTRITO NACIONAL,1,VIVIENDAS,0,0,0,0,0.0,0.0,0.0,3696.69,0.0,0.0
519,5,MAYO,2025,2,URBANO,2,SISTEMA DE MUROS,6,DUARTE,2,APARTAMENTOS,0,0,0,0,0.0,0.0,0.0,325.73,0.0,0.0
520,5,MAYO,2025,2,URBANO,2,SISTEMA DE MUROS,6,DUARTE,2,APARTAMENTOS,0,0,0,0,0.0,0.0,0.0,1045.07,0.0,0.0
521,5,MAYO,2025,2,URBANO,1,SISTEMA APORTICADO,32,SANTO DOMINGO,6,COMERCIAL Y OFICINAS,1,0,0,0,83.0,1276125.0,83.0,29765.42,0.27884706481548055,15375.0
522,5,MAYO,2025,2,URBANO,2,SISTEMA DE MUROS,20,SAMANA,2,APARTAMENTOS,5,30,0,30,3664.0,64575356.25,1221.0,6026.43,20.26075139012649,17624.278452510916
523,5,MAYO,2025,2,URBANO,1,SISTEMA APORTICADO,11,LA ALTAGRACIA,3,COMBINADOS,3,21,0,21,2105.68,28446566.0,516.8,2543.62,20.317500255541315,13509.443980091943
524,5,MAYO,2025,2,URBANO,1,SISTEMA APORTICADO,32,SANTO DOMINGO,2,APARTAMENTOS,0,0,0,0,0.0,0.0,0.0,925.52,0.0,0.0
525,5,MAYO,2025,2,URBANO,2,SISTEMA DE MUROS,32,SANTO DOMINGO,2,APARTAMENTOS,1,12,0,24,946.0,12771000.0,236.5,568.27,41.61754095764337,13500.0
526,5,MAYO,2025,2,URBANO,2,SISTEMA DE MUROS,9,ESPAILLAT,2,APARTAMENTOS,0,0,0,0,0.0,0.0,0.0,993.64,0.0,0.0
527,5,MAYO,2025,2,URBANO,2,SISTEMA DE MUROS,1,DISTRITO NACIONAL,1,VIVIENDAS,1,1,0,3,237.32,3559800.0,119.0,245.36,48.50016302575807,15000.0
528,5,MAYO,2025,2,URBANO,1,SISTEMA APORTICADO,32,SANTO DOMINGO,6,COMERCIAL Y OFICINAS,1,0,22,0,952.87,14150119.5,477.0,1211.98,39.357085100414196,14850.0
529,5,MAYO,2025,2,URBANO,2,SISTEMA DE MUROS,25,SANTIAGO,1,VIVIENDAS,1,1,0,4,423.0,5710500.0,175.0,472.94,37.00257960840699,13500.0
530,5,MAYO,2025,2,URBANO,1,SISTEMA APORTICADO,25,SANTIAGO,6,COMERCIAL Y OFICINAS,1,0,3,0,401.05,6015750.0,200.5,455.93,43.976048954883424,15000.0
531,5,MAYO,2025,2,URBANO,2,SISTEMA DE MUROS,23,SAN PEDRO DE MACORIS,1,VIVIENDAS,1,1,0,4,431.51,6472650.0,215.5,563.26,38.25941838582537,15000.0
532,5,MAYO,2025,2,URBANO,1,SISTEMA APORTICADO,32,SANTO DOMINGO,6,COMERCIAL Y OFICINAS,1,0,0,0,1254.1,16930350.0,462.05,13410.64,3.445398579038734,13500.000000000002
533,5,MAYO,2025,2,URBANO,2,SISTEMA DE MUROS,32,SANTO DOMINGO,2,APARTAMENTOS,0,0,0,0,0.0,0.0,0.0,101589.78,0.0,0.0
534,5,MAYO,2025,2,URBANO,4,SISTEMA COMBINADO,11,LA ALTAGRACIA,19,APARTAMENTOS Y VIVIENDAS,0,0,0,0,0.0,0.0,0.0,154969.69,0.0,0.0
535,5,MAYO,2025,2,URBANO,4,SISTEMA COMBINADO,25,SANTIAGO,2,APARTAMENTOS,1,7,0,21,1466.59,27443565.38,183.32375,602.78,30.413044560204387,18712.50000340927
536,5,MAYO,2025,2,URBANO,2,SISTEMA DE MUROS,32,SANTO DOMINGO,2,APARTAMENTOS,0,0,0,0,0.0,0.0,0.0,1000014.29,0.0,0.0
537,5,MAYO,2025,2,URBANO,2,SISTEMA DE MUROS,32,SANTO DOMINGO,2,APARTAMENTOS,0,0,0,0,0.0,0.0,0.0,68727.66,0.0,0.0
538,5,MAYO,2025,2,URBANO,4,SISTEMA COMBINADO,1,DISTRITO NACIONAL,1,VIVIENDAS,1,1,0,4,1526.48,22675653.0,763.0,1485.86,51.350732908887785,14854.864131858918
539,5,MAYO,2025,2,URBANO,1,SISTEMA APORTICADO,4,BARAHONA,10,ESTACION DE COMBUSTIBLE,1,0,0,0,618.15,8576831.25,618.15,4004.12,15.437849015514022,13875.0
540,5,MAYO,2025,2,URBANO,1,SISTEMA APORTICADO,32,SANTO DOMINGO,2,APARTAMENTOS,1,12,0,28,948.88,12736104.58,237.0,599.87,39.50856018804074,13422.25
541,5,MAYO,2025,2,URBANO,2,SISTEMA DE MUROS,25,SANTIAGO,2,APARTAMENTOS,0,0,0,0,0.0,0.0,0.0,858.31,0.0,0.0
542,5,MAYO,2025,2,URBANO,2,SISTEMA DE MUROS,25,SANTIAGO,2,APARTAMENTOS,1,2,0,6,342.76,5141400.0,171.0,325.64,52.51197641567376,15000.0
543,5,MAYO,2025,2,URBANO,1,SISTEMA APORTICADO,11,LA ALTAGRACIA,6,COMERCIAL Y OFICINAS,0,0,0,0,0.0,0.0,0.0,18663.44,0.0,0.0
544,5,MAYO,2025,2,URBANO,1,SISTEMA APORTICADO,1,DISTRITO NACIONAL,2,APARTAMENTOS,0,0,0,0,0.0,0.0,0.0,616.14,0.0,0.0
545,5,MAYO,2025,2,URBANO,2,SISTEMA DE MUROS,32,SANTO DOMINGO,1,VIVIENDAS,1,1,0,4,435.26,5876010.0,217.5,623.09,34.906674798183246,13500.0
546,5,MAYO,2025,2,URBANO,2,SISTEMA DE MUROS,32,SANTO DOMINGO,2,APARTAMENTOS,1,8,0,24,1158.95,17384250.0,289.5,565.36,51.20631102306494,15000.0
547,5,MAYO,2025,2,URBANO,2,SISTEMA DE MUROS,32,SANTO DOMINGO,2,APARTAMENTOS,1,4,0,12,454.57,6818550.0,114.0,390.0,29.230769230769234,15000.0
548,5,MAYO,2025,2,URBANO,4,SISTEMA COMBINADO,1,DISTRITO NACIONAL,2,APARTAMENTOS,0,0,0,0,0.0,0.0,0.0,660.0,0.0,0.0
549,5,MAYO,2025,2,URBANO,1,SISTEMA APORTICADO,1,DISTRITO NACIONAL,2,APARTAMENTOS,0,0,0,0,0.0,0.0,0.0,255.0,0.0,0.0
550,5,MAYO,2025,2,URBANO,2,SISTEMA DE MUROS,3,BAORUCO,2,APARTAMENTOS,11,256,0,720,10579.0,142816500.0,2644.75,15996.96,16.532828737460118,13500.0
551,5,MAYO,2025,2,URBANO,4,SISTEMA COMBINADO,11,LA ALTAGRACIA,5,HOSPEDAJE,3,0,0,835,118192.55,2513009998.1,29548.0,115830.96,25.509587419460217,21262.0
552,5,MAYO,2025,2,URBANO,1,SISTEMA APORTICADO,23,SAN PEDRO DE MACORIS,2,APARTAMENTOS,1,15,0,20,1920.01,29520153.75,384.0,750.0,51.2,15375.0
553,5,MAYO,2025,2,URBANO,1,SISTEMA APORTICADO,20,SAMANA,1,VIVIENDAS,1,1,0,4,400.4,5945643.0,200.0,952.26,21.00266733875202,14849.258241758243
554,5,MAYO,2025,2,URBANO,1,SISTEMA APORTICADO,32,SANTO DOMINGO,16,OBRAS DE ORDEN SOCIAL,0,0,0,0,0.0,0.0,0.0,32978.34,0.0,0.0
555,5,MAYO,2025,2,URBANO,1,SISTEMA APORTICADO,18,PUERTO PLATA,5,HOSPEDAJE,1,8,0,17,1872.0,29016000.0,468.0,2000.05,23.399415014624637,15500.0
556,5,MAYO,2025,2,URBANO,2,SISTEMA DE MUROS,18,PUERTO PLATA,2,APARTAMENTOS,0,0,0,0,0.0,0.0,0.0,1000.22,0.0,0.0
557,5,MAYO,2025,2,URBANO,1,SISTEMA APORTICADO,11,LA ALTAGRACIA,2,APARTAMENTOS,2,8,0,12,1077.96,16169400.0,538.5,1012.0,53.21146245059288,15000.0
558,5,MAYO,2025,2,URBANO,2,SISTEMA DE MUROS,11,LA ALTAGRACIA,2,APARTAMENTOS,0,0,0,0,0.0,0.0,0.0,5001.06,0.0,0.0
559,5,MAYO,2025,2,URBANO,3,SISTEMA DUALES,11,LA ALTAGRACIA,5,HOSPEDAJE,0,0,0,0,0.0,0.0,0.0,14858.68,0.0,0.0
560,5,MAYO,2025,2,URBANO,4,SISTEMA COMBINADO,28,MONSENOR NOUEL,6,COMERCIAL Y OFICINAS,0,0,0,0,14.79,199665.0,0.0,2500.0,0.0,13500.0
561,5,MAYO,2025,2,URBANO,1,SISTEMA APORTICADO,1,DISTRITO NACIONAL,2,APARTAMENTOS,0,0,0,0,0.0,0.0,0.0,851.42,0.0,0.0
562,5,MAYO,2025,2,URBANO,2,SISTEMA DE MUROS,24,SANCHEZ RAMIREZ,1,VIVIENDAS,1,1,0,5,552.0,8196606.0,276.0,822.88,33.5407349795839,14848.923913043478
563,5,MAYO,2025,2,URBANO,1,SISTEMA APORTICADO,11,LA ALTAGRACIA,2,APARTAMENTOS,0,0,0,0,0.0,0.0,0.0,57268.16,0.0,0.0
564,5,MAYO,2025,2,URBANO,2,SISTEMA DE MUROS,11,LA ALTAGRACIA,1,VIVIENDAS,0,0,0,0,0.0,0.0,0.0,4350.63,0.0,0.0
565,5,MAYO,2025,2,URBANO,2,SISTEMA DE MUROS,11,LA ALTAGRACIA,3,COMBINADOS,0,0,0,0,0.0,0.0,0.0,17654.74,0.0,0.0
566,5,MAYO,2025,2,URBANO,2,SISTEMA DE MUROS,11,LA ALTAGRACIA,2,APARTAMENTOS,1,15,0,15,2204.39,33065850.0,735.0,1328.62,55.32055817314207,15000.0
567,5,MAYO,2025,2,URBANO,2,SISTEMA DE MUROS,11,LA ALTAGRACIA,2,APARTAMENTOS,1,24,0,54,4652.35,69785250.0,1551.0,3071.07,50.503570416825404,14999.999999999998
568,5,MAYO,2025,2,URBANO,2,SISTEMA DE MUROS,13,LA VEGA,2,APARTAMENTOS,1,5,0,16,578.54,9762863.0,202.76,365.53,55.47013924985637,16875.000864244477
569,5,MAYO,2025,2,URBANO,4,SISTEMA COMBINADO,25,SANTIAGO,2,APARTAMENTOS,0,2,0,2,761.27,11704526.25,0.0,503.77,0.0,15375.0
570,5,MAYO,2025,2,URBANO,2,SISTEMA DE MUROS,25,SANTIAGO,2,APARTAMENTOS,1,3,0,5,290.16,4352400.0,145.0,239.22,60.61366106512833,14999.999999999998
571,5,MAYO,2025,2,URBANO,2,SISTEMA DE MUROS,11,LA ALTAGRACIA,1,VIVIENDAS,1,1,0,3,255.24,2842735.5,255.24,689.26,37.03101877375736,11137.5
572,5,MAYO,2025,2,URBANO,2,SISTEMA DE MUROS,25,SANTIAGO,2,APARTAMENTOS,0,0,0,0,95.76,1436400.0,0.0,641.72,0.0,15000.0
573,5,MAYO,2025,2,URBANO,4,SISTEMA COMBINADO,1,DISTRITO NACIONAL,6,COMERCIAL Y OFICINAS,0,0,0,0,0.0,0.0,0.0,611.08,0.0,0.0
574,5,MAYO,2025,2,URBANO,1,SISTEMA APORTICADO,20,SAMANA,3,COMBINADOS,1,8,5,8,813.35,11254730.63,271.0,952.5,28.45144356955381,13837.500006147415
575,5,MAYO,2025,2,URBANO,1,SISTEMA APORTICADO,1,DISTRITO NACIONAL,2,APARTAMENTOS,1,77,0,98,11074.0,189942900.0,1384.25,1661.88,83.29422100271981,17152.14917825537
576,5,MAYO,2025,2,URBANO,2,SISTEMA DE MUROS,6,DUARTE,2,APARTAMENTOS,2,9,0,27,1069.4,16041150.0,356.0,795.25,44.765796919207794,15000.140265569476
577,5,MAYO,2025,2,URBANO,2,SISTEMA DE MUROS,11,LA ALTAGRACIA,1,VIVIENDAS,0,0,0,0,0.0,0.0,0.0,155362.68,0.0,0.0
578,5,MAYO,2025,2,URBANO,2,SISTEMA DE MUROS,11,LA ALTAGRACIA,2,APARTAMENTOS,1,6,0,12,613.56,9203400.0,204.0,399.71,51.037001826324094,15000.000000000002
579,5,MAYO,2025,2,URBANO,1,SISTEMA APORTICADO,11,LA ALTAGRACIA,6,COMERCIAL Y OFICINAS,2,0,0,0,840.64,10710160.0,840.64,3024.07,27.798298319814023,12740.483441187667
580,5,MAYO,2025,2,URBANO,2,SISTEMA DE MUROS,11,LA ALTAGRACIA,2,APARTAMENTOS,0,0,0,0,0.0,0.0,0.0,9886.27,0.0,0.0
581,5,MAYO,2025,2,URBANO,1,SISTEMA APORTICADO,11,LA ALTAGRACIA,3,COMBINADOS,0,0,0,0,0.0,0.0,0.0,42041.67,0.0,0.0
582,5,MAYO,2025,2,URBANO,2,SISTEMA DE MUROS,25,SANTIAGO,1,VIVIENDAS,1,1,0,3,484.57,6541695.0,242.285,742.3,32.63976828775428,13500.0
583,5,MAYO,2025,2,URBANO,1,SISTEMA APORTICADO,25,SANTIAGO,2,APARTAMENTOS,1,78,0,195,19988.47,382279488.75,1538.0,2012.0,76.441351888668,19125.0
584,5,MAYO,2025,2,URBANO,2,SISTEMA DE MUROS,32,SANTO DOMINGO,2,APARTAMENTOS,0,0,0,0,0.0,0.0,0.0,101589.78,0.0,0.0
585,5,MAYO,2025,2,URBANO,2,SISTEMA DE MUROS,32,SANTO DOMINGO,2,APARTAMENTOS,17,136,0,384,10528.56,142135560.0,1632.14,10611.21,15.381280739896772,13500.0
586,5,MAYO,2025,2,URBANO,2,SISTEMA DE MUROS,11,LA ALTAGRACIA,1,VIVIENDAS,1,2,0,9,1120.68,13448160.0,560.0,1484.24,37.72974721069369,12000.0
587,5,MAYO,2025,2,URBANO,2,SISTEMA DE MUROS,23,SAN PEDRO DE MACORIS,1,VIVIENDAS,1,1,0,3,124.65,1682775.0,62.0,220.44,28.12556704772274,13500.0
588,5,MAYO,2025,2,URBANO,1,SISTEMA APORTICADO,11,LA ALTAGRACIA,1,VIVIENDAS,1,1,0,7,1982.43,26762805.0,991.215,2070.05,47.88362599937199,13500.0
589,5,MAYO,2025,2,URBANO,4,SISTEMA COMBINADO,11,LA ALTAGRACIA,1,VIVIENDAS,0,0,0,0,0.0,0.0,0.0,682.91,0.0,0.0
590,5,MAYO,2025,2,URBANO,1,SISTEMA APORTICADO,11,LA ALTAGRACIA,1,VIVIENDAS,0,0,0,0,0.0,0.0,0.0,1852.05,0.0,0.0
591,5,MAYO,2025,2,URBANO,1,SISTEMA APORTICADO,1,DISTRITO NACIONAL,3,COMBINADOS,0,0,0,0,0.0,0.0,0.0,3720.74,0.0,0.0
592,5,MAYO,2025,2,URBANO,1,SISTEMA APORTICADO,1,DISTRITO NACIONAL,2,APARTAMENTOS,1,25,0,35,2852.76,42137141.25,534.0,534.42,99.92141012686652,14770.657626298742
593,5,MAYO,2025,2,URBANO,2,SISTEMA DE MUROS,22,SAN JUAN,2,APARTAMENTOS,2,16,0,48,1721.94,23246190.0,430.25,984.07,43.72148322781916,13500.0
594,5,MAYO,2025,2,URBANO,4,SISTEMA COMBINADO,17,PERAVIA,10,ESTACION DE COMBUSTIBLE,1,0,0,0,519.38,8180235.0,519.38,3000.0,17.31266666666667,15750.0
595,5,MAYO,2025,2,URBANO,1,SISTEMA APORTICADO,32,SANTO DOMINGO,6,COMERCIAL Y OFICINAS,1,0,20,0,1065.54,15983100.0,1065.54,9123.63,11.678904120399448,15000.0
596,5,MAYO,2025,2,URBANO,1,SISTEMA APORTICADO,32,SANTO DOMINGO,2,APARTAMENTOS,0,0,0,0,0.0,0.0,0.0,1000.0,0.0,0.0
597,5,MAYO,2025,2,URBANO,1,SISTEMA APORTICADO,32,SANTO DOMINGO,3,COMBINADOS,1,1,1,2,927.0,12298950.0,463.5,660.9,70.13163867453473,13267.47572815534
598,5,MAYO,2025,2,URBANO,2,SISTEMA DE MUROS,25,SANTIAGO,3,COMBINADOS,1,9,1,9,639.82,9837232.5,159.75,527.26,30.298145127641014,15374.999999999998
599,5,MAYO,2025,2,URBANO,2,SISTEMA DE MUROS,9,ESPAILLAT,2,APARTAMENTOS,1,9,0,21,993.18,14897700.0,331.0,711.38,46.52928111557817,15000.0
600,5,MAYO,2025,2,URBANO,2,SISTEMA DE MUROS,25,SANTIAGO,1,VIVIENDAS,0,0,0,0,0.0,0.0,0.0,472.62,0.0,0.0
601,5,MAYO,2025,2,URBANO,4,SISTEMA COMBINADO,25,SANTIAGO,1,VIVIENDAS,0,0,0,0,0.0,0.0,0.0,691.45,0.0,0.0
602,5,MAYO,2025,2,URBANO,4,SISTEMA COMBINADO,28,MONSENOR NOUEL,2,APARTAMENTOS,1,11,0,29,1721.07,26461451.25,430.25,650.22,66.16991172218634,15375.0
603,5,MAYO,2025,2,URBANO,2,SISTEMA DE MUROS,25,SANTIAGO,2,APARTAMENTOS,1,6,0,18,689.14,10337100.0,230.0,328.0,70.1219512195122,15000.0
604,5,MAYO,2025,2,URBANO,2,SISTEMA DE MUROS,25,SANTIAGO,2,APARTAMENTOS,1,8,0,16,890.0,13350000.0,223.0,577.91,38.58732328563271,15000.0
605,5,MAYO,2025,2,URBANO,2,SISTEMA DE MUROS,28,MONSENOR NOUEL,2,APARTAMENTOS,0,0,0,0,0.0,0.0,0.0,595.84,0.0,0.0
606,5,MAYO,2025,2,URBANO,2,SISTEMA DE MUROS,32,SANTO DOMINGO,2,APARTAMENTOS,1,4,0,4,558.24,7536240.0,140.0,301.98,46.36068613815485,13500.0
607,5,MAYO,2025,2,URBANO,1,SISTEMA APORTICADO,1,DISTRITO NACIONAL,5,HOSPEDAJE,0,0,0,20,0.0,0.0,0.0,996.57,0.0,0.0
608,5,MAYO,2025,2,URBANO,1,SISTEMA APORTICADO,21,SAN CRISTOBAL,6,COMERCIAL Y OFICINAS,1,0,8,0,1443.0,21360525.0,256.0,581.12,44.052863436123346,14802.858627858628
609,5,MAYO,2025,2,URBANO,1,SISTEMA APORTICADO,1,DISTRITO NACIONAL,2,APARTAMENTOS,0,0,0,0,0.0,0.0,0.0,370.06,0.0,0.0
610,5,MAYO,2025,2,URBANO,4,SISTEMA COMBINADO,27,VALVERDE,10,ESTACION DE COMBUSTIBLE,0,0,0,0,0.0,0.0,0.0,10114.26,0.0,0.0
611,5,MAYO,2025,2,URBANO,1,SISTEMA APORTICADO,20,SAMANA,5,HOSPEDAJE,36,45,0,73,4732.38,83408197.5,3451.87,14152.38,24.39073851889223,17625.0
612,5,MAYO,2025,2,URBANO,1,SISTEMA APORTICADO,11,LA ALTAGRACIA,2,APARTAMENTOS,0,0,0,0,0.0,0.0,0.0,31932.45,0.0,0.0
613,5,MAYO,2025,2,URBANO,2,SISTEMA DE MUROS,32,SANTO DOMINGO,2,APARTAMENTOS,1,5,0,10,571.21,7711335.0,190.0,379.17,50.10944958725637,13500.0
614,5,MAYO,2025,2,URBANO,1,SISTEMA APORTICADO,32,SANTO DOMINGO,2,APARTAMENTOS,1,3,0,9,350.22,4727970.0,117.0,213.5,54.80093676814989,13499.999999999998
615,5,MAYO,2025,2,URBANO,2,SISTEMA DE MUROS,32,SANTO DOMINGO,3,COMBINADOS,2,3,1,6,498.9,6735150.0,249.0,494.52,50.3518563455472,13500.0
616,5,MAYO,2025,2,URBANO,1,SISTEMA APORTICADO,1,DISTRITO NACIONAL,2,APARTAMENTOS,1,30,0,54,4415.94,73726591.23,631.0,669.56,94.2409940856682,16695.560000815232
617,5,MAYO,2025,2,URBANO,1,SISTEMA APORTICADO,21,SAN CRISTOBAL,2,APARTAMENTOS,2,16,0,40,2561.11,37412310.71,640.25,711.05,90.04289431122989,14607.849998633405
618,5,MAYO,2025,2,URBANO,2,SISTEMA DE MUROS,20,SAMANA,1,VIVIENDAS,0,0,0,0,0.0,0.0,0.0,836.86,0.0,0.0
619,5,MAYO,2025,2,URBANO,4,SISTEMA COMBINADO,1,DISTRITO NACIONAL,2,APARTAMENTOS,0,0,0,0,0.0,0.0,0.0,995.02,0.0,0.0
620,5,MAYO,2025,2,URBANO,1,SISTEMA APORTICADO,32,SANTO DOMINGO,11,CENTROS DE SALUD,0,0,0,0,0.0,0.0,0.0,1933.44,0.0,0.0
621,5,MAYO,2025,2,URBANO,2,SISTEMA DE MUROS,31,SAN JOSE DE OCOA,2,APARTAMENTOS,1,6,0,18,775.1,10463850.0,258.0,394.07,65.4706016697541,13500.0
622,5,MAYO,2025,2,URBANO,2,SISTEMA DE MUROS,6,DUARTE,2,APARTAMENTOS,1,6,0,18,827.0,12405000.0,276.0,664.11,41.5593802231558,15000.0
623,5,MAYO,2025,2,URBANO,1,SISTEMA APORTICADO,11,LA ALTAGRACIA,6,COMERCIAL Y OFICINAS,0,0,0,0,0.0,0.0,0.0,500.0,0.0,0.0
624,5,MAYO,2025,2,URBANO,2,SISTEMA DE MUROS,11,LA ALTAGRACIA,2,APARTAMENTOS,2,24,0,16,5585.71,83785650.0,1396.25,2687.47,51.95406832448363,15000.0
625,5,MAYO,2025,2,URBANO,2,SISTEMA DE MUROS,11,LA ALTAGRACIA,1,VIVIENDAS,1,1,0,4,614.77,8299395.0,307.0,901.64,34.04906614613371,13500.0
626,5,MAYO,2025,2,URBANO,4,SISTEMA COMBINADO,25,SANTIAGO,3,COMBINADOS,0,0,0,0,0.0,0.0,0.0,99.97,0.0,0.0
627,5,MAYO,2025,2,URBANO,4,SISTEMA COMBINADO,28,MONSENOR NOUEL,6,COMERCIAL Y OFICINAS,1,0,15,0,2174.5,35879250.0,1034.6,2194.38,47.14771370501006,16500.0
628,5,MAYO,2025,2,URBANO,2,SISTEMA DE MUROS,28,MONSENOR NOUEL,2,APARTAMENTOS,1,6,0,18,773.0,13044375.0,251.0,592.0,42.39864864864865,16875.0
629,5,MAYO,2025,2,URBANO,4,SISTEMA COMBINADO,13,LA VEGA,6,COMERCIAL Y OFICINAS,1,0,0,0,220.83,4372434.0,183.98,1000.0,18.397999999999996,19800.0
630,5,MAYO,2025,2,URBANO,1,SISTEMA APORTICADO,1,DISTRITO NACIONAL,6,COMERCIAL Y OFICINAS,1,0,68,0,10954.22,171148595.37,577.0,696.5,82.84278535534817,15623.987410331361
631,5,MAYO,2025,2,URBANO,1,SISTEMA APORTICADO,1,DISTRITO NACIONAL,2,APARTAMENTOS,1,28,0,28,3065.34,44167215.0,613.0,680.0,90.14705882352942,14408.585996985652
632,5,MAYO,2025,2,URBANO,1,SISTEMA APORTICADO,1,DISTRITO NACIONAL,2,APARTAMENTOS,1,12,0,12,1220.39,17836219.52,305.0,503.43,60.584391077210334,14615.179999836117
633,5,MAYO,2025,2,URBANO,1,SISTEMA APORTICADO,1,DISTRITO NACIONAL,2,APARTAMENTOS,1,5,0,5,324.0,4374000.0,108.0,216.9,49.79253112033195,13500.0
634,5,MAYO,2025,2,URBANO,4,SISTEMA COMBINADO,32,SANTO DOMINGO,2,APARTAMENTOS,0,0,0,0,0.0,0.0,0.0,1059.19,0.0,0.0
635,6,JUNIO,2025,2,URBANO,2,SISTEMA DE MUROS,32,SANTO DOMINGO,2,APARTAMENTOS,0,0,0,0,0.0,0.0,0.0,152000.0,0.0,0.0
636,6,JUNIO,2025,2,URBANO,2,SISTEMA DE MUROS,32,SANTO DOMINGO,2,APARTAMENTOS,0,0,0,0,0.0,0.0,0.0,121447.47,0.0,0.0
637,6,JUNIO,2025,2,URBANO,4,SISTEMA COMBINADO,32,SANTO DOMINGO,2,APARTAMENTOS,0,0,0,0,0.0,0.0,0.0,852.42,0.0,0.0
638,6,JUNIO,2025,2,URBANO,2,SISTEMA DE MUROS,6,DUARTE,2,APARTAMENTOS,3,15,0,45,1806.0,27094500.0,602.0,1692.19,35.575201366276836,15002.49169435216
639,6,JUNIO,2025,2,URBANO,2,SISTEMA DE MUROS,32,SANTO DOMINGO,2,APARTAMENTOS,0,0,0,0,0.0,0.0,0.0,9418.12,0.0,0.0
640,6,JUNIO,2025,2,URBANO,1,SISTEMA APORTICADO,1,DISTRITO NACIONAL,6,COMERCIAL Y OFICINAS,1,0,0,0,1004.65,15069750.0,251.0,435.19,57.67595762770284,15000.0
641,6,JUNIO,2025,2,URBANO,1,SISTEMA APORTICADO,11,LA ALTAGRACIA,6,COMERCIAL Y OFICINAS,0,0,0,0,0.0,0.0,0.0,28053.3,0.0,0.0
642,6,JUNIO,2025,2,URBANO,2,SISTEMA DE MUROS,32,SANTO DOMINGO,2,APARTAMENTOS,0,0,0,0,0.0,0.0,0.0,4565.72,0.0,0.0
643,6,JUNIO,2025,2,URBANO,1,SISTEMA APORTICADO,32,SANTO DOMINGO,7,ALMACENES,1,0,0,0,7816.42,120177457.5,7816.42,20000.0,39.082100000000004,15375.0
644,6,JUNIO,2025,2,URBANO,2,SISTEMA DE MUROS,1,DISTRITO NACIONAL,2,APARTAMENTOS,21,168,0,504,18004.49,243600615.0,4501.0,43176.9,10.424555723083408,13529.992518532876
645,6,JUNIO,2025,2,URBANO,1,SISTEMA APORTICADO,1,DISTRITO NACIONAL,6,COMERCIAL Y OFICINAS,1,0,0,0,3423.95,51359250.0,1711.5,4689.22,36.49860744430843,15000.0
646,6,JUNIO,2025,2,URBANO,1,SISTEMA APORTICADO,11,LA ALTAGRACIA,2,APARTAMENTOS,0,0,0,0,0.0,0.0,0.0,57268.16,0.0,0.0
647,6,JUNIO,2025,2,URBANO,2,SISTEMA DE MUROS,2,AZUA,2,APARTAMENTOS,103,824,0,2472,0.0,0.0,0.0,73476.0,0.0,0.0
648,6,JUNIO,2025,2,URBANO,2,SISTEMA DE MUROS,32,SANTO DOMINGO,2,APARTAMENTOS,1,4,0,12,446.31,5933034.0,112.0,227.43,49.245921822099106,13293.526920750151
649,6,JUNIO,2025,2,URBANO,4,SISTEMA COMBINADO,32,SANTO DOMINGO,2,APARTAMENTOS,0,0,0,0,0.0,0.0,0.0,53413.98,0.0,0.0
650,6,JUNIO,2025,2,URBANO,1,SISTEMA APORTICADO,23,SAN PEDRO DE MACORIS,2,APARTAMENTOS,0,0,0,0,0.0,0.0,0.0,715.0,0.0,0.0
651,6,JUNIO,2025,2,URBANO,1,SISTEMA APORTICADO,12,LA ROMANA,6,COMERCIAL Y OFICINAS,1,0,4,0,573.5,7742250.0,573.5,2203.87,26.022406040283684,13500.0
652,6,JUNIO,2025,2,URBANO,2,SISTEMA DE MUROS,23,SAN PEDRO DE MACORIS,1,VIVIENDAS,12,17,0,24,2898.38,34780560.0,1449.0,2742.0,52.844638949671776,12000.0
653,6,JUNIO,2025,2,URBANO,2,SISTEMA DE MUROS,11,LA ALTAGRACIA,1,VIVIENDAS,0,0,0,0,0.0,0.0,0.0,155362.68,0.0,0.0
654,6,JUNIO,2025,2,URBANO,1,SISTEMA APORTICADO,1,DISTRITO NACIONAL,2,APARTAMENTOS,1,25,0,40,3890.0,53682150.0,648.0,851.42,76.10814873975241,13800.03856041131
655,6,JUNIO,2025,2,URBANO,2,SISTEMA DE MUROS,32,SANTO DOMINGO,2,APARTAMENTOS,1,4,0,12,658.85,8792793.0,165.0,253.55,65.0759219088937,13345.667450861349
656,6,JUNIO,2025,2,URBANO,4,SISTEMA COMBINADO,32,SANTO DOMINGO,18,CENTROS DE RECREACION Y DEPORTES,0,0,0,0,0.0,0.0,0.0,181339.18,0.0,0.0
657,6,JUNIO,2025,2,URBANO,1,SISTEMA APORTICADO,6,DUARTE,2,APARTAMENTOS,1,13,0,26,2211.0,32357700.0,552.38,796.4,69.35961828227022,14634.871099050204
658,6,JUNIO,2025,2,URBANO,2,SISTEMA DE MUROS,11,LA ALTAGRACIA,2,APARTAMENTOS,3,40,0,40,4116.94,61754100.0,1029.235,4638.47,22.189105459343274,15000.000000000002
659,6,JUNIO,2025,2,URBANO,1,SISTEMA APORTICADO,32,SANTO DOMINGO,7,ALMACENES,1,0,0,0,2573.0,34735500.0,857.0,5485.5,15.623006107009388,13500.0
660,6,JUNIO,2025,2,URBANO,1,SISTEMA APORTICADO,1,DISTRITO NACIONAL,2,APARTAMENTOS,1,20,0,28,2748.93,38162505.0,549.6,749.64,73.31519129182008,13882.67616854558
661,6,JUNIO,2025,2,URBANO,4,SISTEMA COMBINADO,11,LA ALTAGRACIA,5,HOSPEDAJE,0,0,0,0,0.0,0.0,0.0,980385.38,0.0,0.0
662,6,JUNIO,2025,2,URBANO,4,SISTEMA COMBINADO,21,SAN CRISTOBAL,2,APARTAMENTOS,1,30,0,90,5020.0,72072140.0,558.0,1355.78,41.157119886707285,14357.0
663,6,JUNIO,2025,2,URBANO,2,SISTEMA DE MUROS,6,DUARTE,2,APARTAMENTOS,2,12,0,36,1288.15,19322250.0,429.0,1007.53,42.57937728901373,14999.999999999998
664,6,JUNIO,2025,3,SUB URBANO,1,SISTEMA APORTICADO,12,LA ROMANA,14,ESTRUCTURAS ESPECIALES,1,0,0,0,837.54,14164895.25,837.54,693070.57,0.12084483691177365,16912.5
665,6,JUNIO,2025,2,URBANO,2,SISTEMA DE MUROS,21,SAN CRISTOBAL,2,APARTAMENTOS,1,3,0,9,435.67,5881545.0,145.0,256.15,56.60745656841695,13500.0
666,6,JUNIO,2025,2,URBANO,4,SISTEMA COMBINADO,32,SANTO DOMINGO,2,APARTAMENTOS,1,40,0,122,14084.54,261183991.45,563.36,749.87,75.1276887993919,18544.019999943197
667,6,JUNIO,2025,2,URBANO,1,SISTEMA APORTICADO,11,LA ALTAGRACIA,2,APARTAMENTOS,1,18,0,32,3048.16,46865460.0,762.0,2009.88,37.9127112066392,15375.0
668,6,JUNIO,2025,2,URBANO,1,SISTEMA APORTICADO,12,LA ROMANA,2,APARTAMENTOS,0,0,0,0,0.0,0.0,0.0,677.04,0.0,0.0
669,6,JUNIO,2025,2,URBANO,1,SISTEMA APORTICADO,32,SANTO DOMINGO,2,APARTAMENTOS,0,0,0,0,0.0,0.0,0.0,602.0,0.0,0.0
670,6,JUNIO,2025,2,URBANO,2,SISTEMA DE MUROS,32,SANTO DOMINGO,2,APARTAMENTOS,1,8,0,24,1093.05,14563057.5,273.25,557.51,49.012573765492995,13323.322354878552
671,6,JUNIO,2025,2,URBANO,2,SISTEMA DE MUROS,25,SANTIAGO,2,APARTAMENTOS,1,6,0,18,722.91,10843650.0,215.0,518.42,41.472165425716604,15000.0
672,6,JUNIO,2025,2,URBANO,2,SISTEMA DE MUROS,25,SANTIAGO,1,VIVIENDAS,1,1,0,4,554.52,7486020.0,264.0,655.97,40.24574294556154,13500.0
673,6,JUNIO,2025,2,URBANO,2,SISTEMA DE MUROS,9,ESPAILLAT,2,APARTAMENTOS,2,8,0,24,1003.76,15056400.0,500.0,993.64,50.320035425304944,15000.0
674,6,JUNIO,2025,2,URBANO,2,SISTEMA DE MUROS,6,DUARTE,2,APARTAMENTOS,1,4,0,12,399.6,5994000.0,199.0,456.81,43.5629692870121,15000.0
675,6,JUNIO,2025,2,URBANO,1,SISTEMA APORTICADO,23,SAN PEDRO DE MACORIS,2,APARTAMENTOS,1,26,0,29,3245.08,60721937.0,464.0,715.0,64.8951048951049,18712.000012326353
676,6,JUNIO,2025,2,URBANO,1,SISTEMA APORTICADO,11,LA ALTAGRACIA,5,HOSPEDAJE,0,0,0,0,0.0,0.0,0.0,10000.38,0.0,0.0
677,6,JUNIO,2025,2,URBANO,1,SISTEMA APORTICADO,1,DISTRITO NACIONAL,11,CENTROS DE SALUD,0,0,0,0,0.0,0.0,0.0,960.61,0.0,0.0
678,6,JUNIO,2025,2,URBANO,2,SISTEMA DE MUROS,32,SANTO DOMINGO,2,APARTAMENTOS,1,8,0,24,1036.18,13988430.0,259.0,632.45,40.95185390149418,13500.0
679,6,JUNIO,2025,2,URBANO,2,SISTEMA DE MUROS,25,SANTIAGO,2,APARTAMENTOS,2,6,0,18,1567.26,24096622.5,351.3,1091.62,32.18152837067845,15375.0
680,6,JUNIO,2025,2,URBANO,2,SISTEMA DE MUROS,9,ESPAILLAT,2,APARTAMENTOS,4,32,0,96,3272.75,49091250.0,776.0,2356.07,32.93620308394912,15000.0
681,6,JUNIO,2025,2,URBANO,2,SISTEMA DE MUROS,6,DUARTE,2,APARTAMENTOS,0,0,0,0,0.0,0.0,0.0,2228.94,0.0,0.0
682,6,JUNIO,2025,2,URBANO,2,SISTEMA DE MUROS,20,SAMANA,2,APARTAMENTOS,1,6,0,6,807.5,12112200.0,334.78,831.83,40.24620415229073,14999.628482972135
683,6,JUNIO,2025,2,URBANO,1,SISTEMA APORTICADO,11,LA ALTAGRACIA,2,APARTAMENTOS,0,0,0,0,0.0,0.0,0.0,21361.93,0.0,0.0
684,6,JUNIO,2025,3,SUB URBANO,1,SISTEMA APORTICADO,11,LA ALTAGRACIA,6,COMERCIAL Y OFICINAS,0,0,0,0,0.0,0.0,0.0,6077.41,0.0,0.0
685,6,JUNIO,2025,2,URBANO,2,SISTEMA DE MUROS,4,BARAHONA,2,APARTAMENTOS,1,10,0,30,1780.68,27377955.0,356.0,1127.93,31.56224233773372,15375.0
686,6,JUNIO,2025,2,URBANO,1,SISTEMA APORTICADO,25,SANTIAGO,6,COMERCIAL Y OFICINAS,0,0,0,0,0.0,0.0,0.0,20750.43,0.0,0.0
687,6,JUNIO,2025,2,URBANO,1,SISTEMA APORTICADO,11,LA ALTAGRACIA,5,HOSPEDAJE,1,0,0,97,25375.11,409649432.06,8458.0,11034.0,76.65397861156426,16143.749999901478
688,6,JUNIO,2025,2,URBANO,2,SISTEMA DE MUROS,18,PUERTO PLATA,2,APARTAMENTOS,0,0,0,0,0.0,0.0,0.0,8874.49,0.0,0.0
689,6,JUNIO,2025,2,URBANO,2,SISTEMA DE MUROS,25,SANTIAGO,1,VIVIENDAS,1,1,0,3,441.74,5443462.5,220.5,599.88,36.75735147029406,12322.774709104902
690,6,JUNIO,2025,3,SUB URBANO,2,SISTEMA DE MUROS,25,SANTIAGO,2,APARTAMENTOS,0,0,0,0,0.0,0.0,0.0,3075.21,0.0,0.0
691,6,JUNIO,2025,1,RURAL,1,SISTEMA APORTICADO,2,AZUA,14,ESTRUCTURAS ESPECIALES,0,0,0,0,0.0,0.0,0.0,4717000.0,0.0,0.0
692,6,JUNIO,2025,2,URBANO,1,SISTEMA APORTICADO,32,SANTO DOMINGO,2,APARTAMENTOS,0,1,0,5,0.0,0.0,0.0,1312.5,0.0,0.0
693,6,JUNIO,2025,2,URBANO,1,SISTEMA APORTICADO,1,DISTRITO NACIONAL,2,APARTAMENTOS,1,6,0,18,2250.0,29781000.0,450.0,705.0,63.829787234042556,13236.0
694,6,JUNIO,2025,2,URBANO,1,SISTEMA APORTICADO,22,SAN JUAN,2,APARTAMENTOS,1,16,0,35,2999.11,39617370.0,667.0,774.0,86.17571059431525,13209.708880301156
695,6,JUNIO,2025,2,URBANO,2,SISTEMA DE MUROS,32,SANTO DOMINGO,2,APARTAMENTOS,0,0,0,0,0.0,0.0,0.0,3610.67,0.0,0.0
696,6,JUNIO,2025,2,URBANO,1,SISTEMA APORTICADO,1,DISTRITO NACIONAL,2,APARTAMENTOS,0,0,0,0,0.0,0.0,0.0,330.0,0.0,0.0
697,6,JUNIO,2025,2,URBANO,2,SISTEMA DE MUROS,25,SANTIAGO,2,APARTAMENTOS,0,0,0,0,684.67,10270050.0,0.0,4871.63,0.0,15000.0
698,6,JUNIO,2025,2,URBANO,2,SISTEMA DE MUROS,25,SANTIAGO,2,APARTAMENTOS,1,8,0,20,794.3,11914500.0,198.5,381.07,52.09016716088908,15000.0
699,6,JUNIO,2025,2,URBANO,2,SISTEMA DE MUROS,11,LA ALTAGRACIA,1,VIVIENDAS,27,27,0,81,7796.52,105253020.0,3898.0,155362.68,2.508968048182485,13500.0
700,6,JUNIO,2025,2,URBANO,2,SISTEMA DE MUROS,11,LA ALTAGRACIA,2,APARTAMENTOS,6,48,0,48,4227.27,63409050.0,2113.5,5001.06,42.26104065938021,14999.999999999998
701,6,JUNIO,2025,2,URBANO,2,SISTEMA DE MUROS,11,LA ALTAGRACIA,2,APARTAMENTOS,1,160,0,241,10899.86,196197480.0,1816.5,17640.32,10.297432246127054,18000.0
702,6,JUNIO,2025,2,URBANO,1,SISTEMA APORTICADO,1,DISTRITO NACIONAL,2,APARTAMENTOS,1,10,0,19,1591.39,21483765.0,318.0,543.63,58.49566800949175,13500.0
703,6,JUNIO,2025,2,URBANO,1,SISTEMA APORTICADO,1,DISTRITO NACIONAL,1,VIVIENDAS,2,2,0,6,1010.0,12877500.0,505.0,622.18,81.16622199363529,12750.0
704,6,JUNIO,2025,2,URBANO,2,SISTEMA DE MUROS,25,SANTIAGO,2,APARTAMENTOS,1,12,0,32,1460.74,22458877.5,365.0,858.31,42.52542787570924,15375.0
705,6,JUNIO,2025,2,URBANO,2,SISTEMA DE MUROS,28,MONSENOR NOUEL,2,APARTAMENTOS,3,18,0,53,2613.42,40155480.0,800.8,1811.91,44.19645567384693,15365.107789792684
706,6,JUNIO,2025,2,URBANO,1,SISTEMA APORTICADO,25,SANTIAGO,2,APARTAMENTOS,1,6,0,12,458.14,6872100.0,153.0,279.43,54.75432129692588,15000.0
707,6,JUNIO,2025,3,SUB URBANO,2,SISTEMA DE MUROS,25,SANTIAGO,2,APARTAMENTOS,2,72,0,216,9973.96,186637726.5,1108.0,5941.94,18.647108520112962,18712.5
708,6,JUNIO,2025,2,URBANO,2,SISTEMA DE MUROS,18,PUERTO PLATA,2,APARTAMENTOS,0,0,0,0,0.0,0.0,0.0,1000.22,0.0,0.0
709,6,JUNIO,2025,2,URBANO,1,SISTEMA APORTICADO,32,SANTO DOMINGO,2,APARTAMENTOS,1,4,0,12,738.39,10461960.0,148.0,257.29,57.52263982276807,14168.610084101898
710,6,JUNIO,2025,2,URBANO,2,SISTEMA DE MUROS,17,PERAVIA,2,APARTAMENTOS,1,8,0,24,962.58,14799667.5,212.56,408.17,52.07634074037778,15375.0
711,6,JUNIO,2025,2,URBANO,2,SISTEMA DE MUROS,13,LA VEGA,1,VIVIENDAS,1,1,0,5,918.1,13633785.0,482.38,1126.73,42.81238628597801,14850.0
712,6,JUNIO,2025,2,URBANO,2,SISTEMA DE MUROS,32,SANTO DOMINGO,1,VIVIENDAS,4,4,0,12,1129.93,15254055.0,564.965,1398.07,40.41035141301938,13500.0
713,6,JUNIO,2025,2,URBANO,1,SISTEMA APORTICADO,32,SANTO DOMINGO,6,COMERCIAL Y OFICINAS,1,0,12,0,1146.61,15274669.5,273.0,892.86,30.575902157113095,13321.591037929202
714,6,JUNIO,2025,2,URBANO,1,SISTEMA APORTICADO,1,DISTRITO NACIONAL,1,VIVIENDAS,1,1,0,4,878.28,11856780.0,439.0,619.41,70.87389612695954,13500.0
715,6,JUNIO,2025,2,URBANO,1,SISTEMA APORTICADO,32,SANTO DOMINGO,2,APARTAMENTOS,1,8,0,24,1374.3,18121927.5,275.0,455.81,60.33215594216889,13186.296660117878
716,6,JUNIO,2025,2,URBANO,4,SISTEMA COMBINADO,32,SANTO DOMINGO,6,COMERCIAL Y OFICINAS,1,0,0,0,1366.54,18909497.25,683.0,931.73,73.30449808420894,13837.5
717,6,JUNIO,2025,2,URBANO,1,SISTEMA APORTICADO,1,DISTRITO NACIONAL,3,COMBINADOS,1,0,1,5,236.28,3632805.0,118.0,179.21,65.84453992522738,15375.0
718,6,JUNIO,2025,2,URBANO,1,SISTEMA APORTICADO,32,SANTO DOMINGO,6,COMERCIAL Y OFICINAS,5,0,0,0,3156.12,43672810.5,2936.56,327181.0,0.8975337809958402,13837.5
719,6,JUNIO,2025,2,URBANO,1,SISTEMA APORTICADO,1,DISTRITO NACIONAL,6,COMERCIAL Y OFICINAS,0,0,0,0,222.0,3413250.0,0.0,524.41,0.0,15375.0
720,6,JUNIO,2025,2,URBANO,1,SISTEMA APORTICADO,1,DISTRITO NACIONAL,2,APARTAMENTOS,0,0,0,0,0.0,0.0,0.0,1488.18,0.0,0.0
721,6,JUNIO,2025,2,URBANO,1,SISTEMA APORTICADO,18,PUERTO PLATA,1,VIVIENDAS,0,0,0,0,0.0,0.0,0.0,20748.0,0.0,0.0
722,6,JUNIO,2025,2,URBANO,4,SISTEMA COMBINADO,15,MONTE CRISTI,14,ESTRUCTURAS ESPECIALES,2,0,0,0,14019.44,215548890.0,14019.44,89249.57,15.708131703043499,15375.0
723,6,JUNIO,2025,2,URBANO,2,SISTEMA DE MUROS,9,ESPAILLAT,2,APARTAMENTOS,1,8,0,16,826.0,12390000.0,206.5,503.58,41.00639421740339,15000.0
724,6,JUNIO,2025,2,URBANO,4,SISTEMA COMBINADO,18,PUERTO PLATA,2,APARTAMENTOS,1,6,0,12,613.74,9206100.0,204.0,679.72,30.012358029776966,15000.0
725,6,JUNIO,2025,2,URBANO,4,SISTEMA COMBINADO,20,SAMANA,1,VIVIENDAS,1,1,0,11,1478.0,21948300.0,739.0,11157.55,6.623317843074869,14850.0
726,6,JUNIO,2025,3,SUB URBANO,1,SISTEMA APORTICADO,25,SANTIAGO,1,VIVIENDAS,1,1,0,4,444.27,5997645.0,148.0,282.26,52.433926167363424,13500.0
727,6,JUNIO,2025,2,URBANO,1,SISTEMA APORTICADO,1,DISTRITO NACIONAL,6,COMERCIAL Y OFICINAS,1,0,0,0,977.84,8470539.0,842.0,842.0,100.0,8662.5
728,6,JUNIO,2025,2,URBANO,2,SISTEMA DE MUROS,25,SANTIAGO,1,VIVIENDAS,1,1,0,4,589.4,7956900.0,294.5,525.48,56.04399786861536,13500.0
729,6,JUNIO,2025,2,URBANO,4,SISTEMA COMBINADO,25,SANTIAGO,6,COMERCIAL Y OFICINAS,0,0,0,0,0.0,0.0,0.0,23767.0,0.0,0.0
730,6,JUNIO,2025,2,URBANO,2,SISTEMA DE MUROS,25,SANTIAGO,1,VIVIENDAS,1,1,0,4,301.31,4519650.0,150.0,423.46,35.422472016247106,15000.0
731,6,JUNIO,2025,3,SUB URBANO,2,SISTEMA DE MUROS,18,PUERTO PLATA,3,COMBINADOS,0,0,0,0,0.0,0.0,0.0,43356.26,0.0,0.0
732,6,JUNIO,2025,2,URBANO,2,SISTEMA DE MUROS,28,MONSENOR NOUEL,2,APARTAMENTOS,0,0,0,0,0.0,0.0,0.0,595.84,0.0,0.0
733,6,JUNIO,2025,2,URBANO,4,SISTEMA COMBINADO,1,DISTRITO NACIONAL,1,VIVIENDAS,0,0,0,0,0.0,0.0,0.0,657.0,0.0,0.0
734,6,JUNIO,2025,2,URBANO,1,SISTEMA APORTICADO,1,DISTRITO NACIONAL,2,APARTAMENTOS,1,6,0,12,1197.86,17620500.0,299.0,437.66,68.31787232097976,14709.982802664754
735,6,JUNIO,2025,2,URBANO,1,SISTEMA APORTICADO,1,DISTRITO NACIONAL,2,APARTAMENTOS,1,11,0,16,1028.5,15057054.0,206.0,330.99,62.237529834738204,14639.819154107925
736,6,JUNIO,2025,2,URBANO,2,SISTEMA DE MUROS,1,DISTRITO NACIONAL,2,APARTAMENTOS,0,0,0,0,0.0,0.0,0.0,751.61,0.0,0.0
737,6,JUNIO,2025,2,URBANO,1,SISTEMA APORTICADO,1,DISTRITO NACIONAL,2,APARTAMENTOS,0,0,0,0,0.0,0.0,0.0,896.52,0.0,0.0
738,6,JUNIO,2025,2,URBANO,1,SISTEMA APORTICADO,1,DISTRITO NACIONAL,2,APARTAMENTOS,1,34,0,84,13131.12,225757395.0,691.0,841.19,82.145531925011,17192.546789611242
739,6,JUNIO,2025,2,URBANO,2,SISTEMA DE MUROS,32,SANTO DOMINGO,2,APARTAMENTOS,1,4,0,13,671.0,9890100.0,134.0,303.5,44.15156507413509,14739.344262295082
740,6,JUNIO,2025,2,URBANO,1,SISTEMA APORTICADO,1,DISTRITO NACIONAL,2,APARTAMENTOS,1,32,0,102,16437.33,291954105.0,783.0,993.47,78.814659728024,17761.650158511144
741,6,JUNIO,2025,2,URBANO,4,SISTEMA COMBINADO,23,SAN PEDRO DE MACORIS,10,ESTACION DE COMBUSTIBLE,0,0,0,0,0.0,0.0,0.0,6000.0,0.0,0.0
742,6,JUNIO,2025,2,URBANO,2,SISTEMA DE MUROS,32,SANTO DOMINGO,2,APARTAMENTOS,2,56,0,160,5800.35,78304725.0,1450.0,3983.53,36.39987649145356,13500.0
743,6,JUNIO,2025,2,URBANO,1,SISTEMA APORTICADO,1,DISTRITO NACIONAL,2,APARTAMENTOS,1,48,0,48,6364.11,101964220.87,707.0,713.62,99.07233541660828,16021.756517407777
744,6,JUNIO,2025,2,URBANO,2,SISTEMA DE MUROS,14,MARIA TRINIDAD SANCHEZ,1,VIVIENDAS,1,1,0,4,720.42,9725670.0,360.0,2836.17,12.693174245549454,13500.0
745,6,JUNIO,2025,2,URBANO,2,SISTEMA DE MUROS,18,PUERTO PLATA,2,APARTAMENTOS,0,0,0,0,0.0,0.0,0.0,1034.03,0.0,0.0
746,6,JUNIO,2025,2,URBANO,1,SISTEMA APORTICADO,25,SANTIAGO,2,APARTAMENTOS,0,0,0,0,0.0,0.0,0.0,1093.55,0.0,0.0
747,6,JUNIO,2025,2,URBANO,2,SISTEMA DE MUROS,11,LA ALTAGRACIA,2,APARTAMENTOS,0,0,0,0,0.0,0.0,0.0,3520.63,0.0,0.0
748,6,JUNIO,2025,2,URBANO,1,SISTEMA APORTICADO,11,LA ALTAGRACIA,6,COMERCIAL Y OFICINAS,0,0,0,0,0.0,0.0,0.0,9094.77,0.0,0.0
749,6,JUNIO,2025,2,URBANO,4,SISTEMA COMBINADO,11,LA ALTAGRACIA,3,COMBINADOS,0,0,0,0,0.0,0.0,0.0,196551.98,0.0,0.0
750,6,JUNIO,2025,2,URBANO,2,SISTEMA DE MUROS,11,LA ALTAGRACIA,1,VIVIENDAS,0,0,0,0,0.0,0.0,0.0,689.63,0.0,0.0
751,6,JUNIO,2025,2,URBANO,2,SISTEMA DE MUROS,11,LA ALTAGRACIA,2,APARTAMENTOS,0,0,0,0,0.0,0.0,0.0,3600.16,0.0,0.0
752,6,JUNIO,2025,2,URBANO,2,SISTEMA DE MUROS,23,SAN PEDRO DE MACORIS,2,APARTAMENTOS,0,0,0,0,0.0,0.0,0.0,2099.17,0.0,0.0
753,6,JUNIO,2025,2,URBANO,2,SISTEMA DE MUROS,11,LA ALTAGRACIA,5,HOSPEDAJE,0,0,0,0,0.0,0.0,0.0,862072.43,0.0,0.0
754,6,JUNIO,2025,2,URBANO,2,SISTEMA DE MUROS,11,LA ALTAGRACIA,3,COMBINADOS,0,0,0,0,0.0,0.0,0.0,17654.74,0.0,0.0
755,6,JUNIO,2025,2,URBANO,1,SISTEMA APORTICADO,11,LA ALTAGRACIA,6,COMERCIAL Y OFICINAS,0,0,0,0,0.0,0.0,0.0,500.0,0.0,0.0
756,6,JUNIO,2025,2,URBANO,2,SISTEMA DE MUROS,11,LA ALTAGRACIA,1,VIVIENDAS,1,1,0,4,547.44,7185150.0,274.0,800.6,34.22433175118661,13124.999999999998
757,6,JUNIO,2025,2,URBANO,2,SISTEMA DE MUROS,11,LA ALTAGRACIA,1,VIVIENDAS,16,16,0,32,2831.2,38221200.0,1415.0,4350.63,32.52402525611233,13500.0
758,6,JUNIO,2025,2,URBANO,1,SISTEMA APORTICADO,11,LA ALTAGRACIA,2,APARTAMENTOS,1,32,0,48,8120.39,119394570.0,1624.0,321211.43,0.5055859936241994,14703.058596939309
759,6,JUNIO,2025,2,URBANO,2,SISTEMA DE MUROS,11,LA ALTAGRACIA,1,VIVIENDAS,1,1,0,3,259.35,3501225.0,259.35,728.86,35.582965178497936,13499.999999999998
760,6,JUNIO,2025,2,URBANO,2,SISTEMA DE MUROS,11,LA ALTAGRACIA,2,APARTAMENTOS,2,16,0,16,922.86,13842900.0,230.5,1353.73,17.027029023512814,15000.0
761,6,JUNIO,2025,2,URBANO,1,SISTEMA APORTICADO,11,LA ALTAGRACIA,6,COMERCIAL Y OFICINAS,3,0,32,0,9007.57,172033327.54,1801.4,9382.7,19.19916441962335,19098.750000277545
762,6,JUNIO,2025,2,URBANO,1,SISTEMA APORTICADO,11,LA ALTAGRACIA,3,COMBINADOS,1,67,2,354,30082.42,518921745.0,6016.4,64906.13,9.269386420050001,17250.0
763,6,JUNIO,2025,2,URBANO,2,SISTEMA DE MUROS,11,LA ALTAGRACIA,1,VIVIENDAS,14,14,0,42,2600.67,35108640.0,1300.0,155362.68,0.8367517862076015,13499.844270899423
764,6,JUNIO,2025,2,URBANO,1,SISTEMA APORTICADO,1,DISTRITO NACIONAL,2,APARTAMENTOS,0,0,0,0,0.0,0.0,0.0,604.0,0.0,0.0
765,6,JUNIO,2025,2,URBANO,2,SISTEMA DE MUROS,32,SANTO DOMINGO,2,APARTAMENTOS,1,60,0,160,19110.0,319461750.0,764.4,971.98,78.64359348957797,16716.993720565148
766,6,JUNIO,2025,2,URBANO,2,SISTEMA DE MUROS,1,DISTRITO NACIONAL,6,COMERCIAL Y OFICINAS,1,0,0,0,1898.3,26734005.0,949.0,1008.93,94.06004380878753,14083.129642311542
767,6,JUNIO,2025,2,URBANO,1,SISTEMA APORTICADO,11,LA ALTAGRACIA,2,APARTAMENTOS,4,150,0,272,26950.54,404258100.0,6737.5,57268.16,11.764827087163269,15000.0
768,6,JUNIO,2025,2,URBANO,2,SISTEMA DE MUROS,22,SAN JUAN,2,APARTAMENTOS,2,12,0,36,1250.2,16877700.0,312.5,645.98,48.37611071550202,13500.0
769,6,JUNIO,2025,2,URBANO,2,SISTEMA DE MUROS,11,LA ALTAGRACIA,2,APARTAMENTOS,2,196,0,400,39306.77,735527933.63,6551.0,55864.23,11.726645117994106,18712.500000127206
770,7,JULIO,2025,2,URBANO,2,SISTEMA DE MUROS,6,DUARTE,2,APARTAMENTOS,0,0,0,0,0.0,0.0,0.0,2782.08,0.0,0.0
771,7,JULIO,2025,3,SUB URBANO,2,SISTEMA DE MUROS,20,SAMANA,2,APARTAMENTOS,7,42,0,84,8690.0,146643750.0,2896.0,25996.62,11.139909726726014,16875.0
772,7,JULIO,2025,2,URBANO,2,SISTEMA DE MUROS,32,SANTO DOMINGO,2,APARTAMENTOS,0,0,0,0,0.0,0.0,0.0,250316.8,0.0,0.0
773,7,JULIO,2025,2,URBANO,1,SISTEMA APORTICADO,32,SANTO DOMINGO,2,APARTAMENTOS,0,0,0,0,0.0,0.0,0.0,688.25,0.0,0.0
774,7,JULIO,2025,2,URBANO,4,SISTEMA COMBINADO,21,SAN CRISTOBAL,2,APARTAMENTOS,0,0,0,0,0.0,0.0,0.0,20123.2,0.0,0.0
775,7,JULIO,2025,2,URBANO,2,SISTEMA DE MUROS,32,SANTO DOMINGO,2,APARTAMENTOS,2,40,0,120,3659.16,49398660.0,914.75,2249.57,40.66332676911587,13500.0
776,7,JULIO,2025,2,URBANO,4,SISTEMA COMBINADO,1,DISTRITO NACIONAL,2,APARTAMENTOS,0,0,0,0,0.0,0.0,0.0,604.34,0.0,0.0
777,7,JULIO,2025,2,URBANO,1,SISTEMA APORTICADO,1,DISTRITO NACIONAL,6,COMERCIAL Y OFICINAS,0,0,0,0,0.0,0.0,0.0,14348.02,0.0,0.0
778,7,JULIO,2025,2,URBANO,2,SISTEMA DE MUROS,25,SANTIAGO,2,APARTAMENTOS,7,112,0,328,11425.8,154248300.0,2856.25,8706.37,32.80643942308907,13500.0
779,7,JULIO,2025,2,URBANO,2,SISTEMA DE MUROS,1,DISTRITO NACIONAL,1,VIVIENDAS,1,1,0,3,486.55,6568425.0,243.275,448.1,54.29033697835305,13500.0
780,7,JULIO,2025,2,URBANO,2,SISTEMA DE MUROS,23,SAN PEDRO DE MACORIS,2,APARTAMENTOS,0,0,0,0,0.0,0.0,0.0,45943.83,0.0,0.0
781,7,JULIO,2025,2,URBANO,2,SISTEMA DE MUROS,32,SANTO DOMINGO,2,APARTAMENTOS,0,0,0,0,0.0,0.0,0.0,5567.69,0.0,0.0
782,7,JULIO,2025,2,URBANO,2,SISTEMA DE MUROS,32,SANTO DOMINGO,2,APARTAMENTOS,26,260,0,780,18269.75,280897406.25,3653.95,9418.12,38.7970210615282,15375.0
783,7,JULIO,2025,2,URBANO,4,SISTEMA COMBINADO,11,LA ALTAGRACIA,2,APARTAMENTOS,0,0,0,0,0.0,0.0,0.0,124001.79,0.0,0.0
784,7,JULIO,2025,2,URBANO,1,SISTEMA APORTICADO,1,DISTRITO NACIONAL,2,APARTAMENTOS,1,72,0,160,14132.41,241833941.24,1570.0,1786.85,87.86411842068445,17112.009999709888
785,7,JULIO,2025,2,URBANO,1,SISTEMA APORTICADO,1,DISTRITO NACIONAL,2,APARTAMENTOS,1,50,0,70,6368.92,108470741.63,578.91,615.76,94.01552552942705,17031.26144307041
786,7,JULIO,2025,2,URBANO,1,SISTEMA APORTICADO,32,SANTO DOMINGO,2,APARTAMENTOS,1,32,0,32,3427.57,60852166.13,405.875,1242.59,32.66362999863189,17753.734024396294
787,7,JULIO,2025,2,URBANO,2,SISTEMA DE MUROS,32,SANTO DOMINGO,2,APARTAMENTOS,1,10,0,26,1216.43,17916990.0,304.0,511.22,59.46559211298462,14729.158274623282
788,7,JULIO,2025,2,URBANO,1,SISTEMA APORTICADO,22,SAN JUAN,2,APARTAMENTOS,1,6,0,18,968.2,12745849.53,242.0,300.0,80.66666666666666,13164.479993802932
789,7,JULIO,2025,2,URBANO,2,SISTEMA DE MUROS,17,PERAVIA,2,APARTAMENTOS,1,4,0,4,406.74,5490990.0,203.0,597.42,33.979444946603735,13500.0
790,7,JULIO,2025,2,URBANO,1,SISTEMA APORTICADO,32,SANTO DOMINGO,6,COMERCIAL Y OFICINAS,2,0,0,0,5761.01,86415150.0,2880.5,10913.0,26.395125080179604,15000.0
791,7,JULIO,2025,2,URBANO,4,SISTEMA COMBINADO,32,SANTO DOMINGO,6,COMERCIAL Y OFICINAS,1,0,0,0,2494.6,32741625.0,2494.6,14596.63,17.09024617326054,13125.0
792,7,JULIO,2025,2,URBANO,2,SISTEMA DE MUROS,16,PEDERNALES,4,ALBERGUES,1,0,0,2,273.94,3698190.0,273.94,1552.59,17.64406572243799,13500.0
793,7,JULIO,2025,2,URBANO,2,SISTEMA DE MUROS,32,SANTO DOMINGO,2,APARTAMENTOS,0,0,0,0,0.0,0.0,0.0,6227.0,0.0,0.0
794,7,JULIO,2025,2,URBANO,4,SISTEMA COMBINADO,25,SANTIAGO,2,APARTAMENTOS,0,0,0,0,0.0,0.0,0.0,2804.83,0.0,0.0
795,7,JULIO,2025,2,URBANO,4,SISTEMA COMBINADO,25,SANTIAGO,2,APARTAMENTOS,0,0,0,0,0.0,0.0,0.0,37205.29,0.0,0.0
796,7,JULIO,2025,2,URBANO,2,SISTEMA DE MUROS,32,SANTO DOMINGO,2,APARTAMENTOS,4,28,0,84,2588.0,34830000.0,647.0,1617.09,40.01014167424201,13458.268933539413
797,7,JULIO,2025,2,URBANO,4,SISTEMA COMBINADO,11,LA ALTAGRACIA,5,HOSPEDAJE,0,0,0,0,0.0,0.0,0.0,980385.38,0.0,0.0
798,7,JULIO,2025,2,URBANO,1,SISTEMA APORTICADO,12,LA ROMANA,6,COMERCIAL Y OFICINAS,0,0,0,0,0.0,0.0,0.0,1718.18,0.0,0.0
799,7,JULIO,2025,2,URBANO,2,SISTEMA DE MUROS,12,LA ROMANA,2,APARTAMENTOS,0,0,0,0,0.0,0.0,0.0,6656.34,0.0,0.0
800,7,JULIO,2025,2,URBANO,1,SISTEMA APORTICADO,1,DISTRITO NACIONAL,6,COMERCIAL Y OFICINAS,0,0,0,0,0.0,0.0,0.0,14348.02,0.0,0.0
801,7,JULIO,2025,3,SUB URBANO,4,SISTEMA COMBINADO,25,SANTIAGO,10,ESTACION DE COMBUSTIBLE,1,0,0,0,332.42,4612327.5,332.42,12200.43,2.7246580653304844,13875.0
802,7,JULIO,2025,2,URBANO,1,SISTEMA APORTICADO,23,SAN PEDRO DE MACORIS,6,COMERCIAL Y OFICINAS,0,0,0,0,0.0,0.0,0.0,14393.98,0.0,0.0
803,7,JULIO,2025,2,URBANO,2,SISTEMA DE MUROS,11,LA ALTAGRACIA,2,APARTAMENTOS,0,0,0,0,0.0,0.0,0.0,3600.16,0.0,0.0
804,7,JULIO,2025,2,URBANO,1,SISTEMA APORTICADO,1,DISTRITO NACIONAL,2,APARTAMENTOS,0,0,0,0,0.0,0.0,0.0,830.66,0.0,0.0
805,7,JULIO,2025,2,URBANO,4,SISTEMA COMBINADO,25,SANTIAGO,1,VIVIENDAS,1,2,0,6,332.38,4985700.0,166.19,268.91,61.801346175300274,15000.0
806,7,JULIO,2025,2,URBANO,2,SISTEMA DE MUROS,13,LA VEGA,2,APARTAMENTOS,1,4,0,12,621.77,10492368.75,239.27,400.0,59.8175,16875.0
807,7,JULIO,2025,2,URBANO,2,SISTEMA DE MUROS,25,SANTIAGO,2,APARTAMENTOS,1,12,0,28,1196.8,17952000.0,299.0,805.17,37.135014965783625,15000.0
808,7,JULIO,2025,2,URBANO,2,SISTEMA DE MUROS,25,SANTIAGO,1,VIVIENDAS,1,1,0,5,360.4,4864400.0,180.0,430.79,41.783699714478054,13497.225305216427
809,7,JULIO,2025,2,URBANO,2,SISTEMA DE MUROS,25,SANTIAGO,2,APARTAMENTOS,0,0,0,0,0.0,0.0,0.0,6295.1,0.0,0.0
810,7,JULIO,2025,2,URBANO,1,SISTEMA APORTICADO,25,SANTIAGO,2,APARTAMENTOS,1,24,0,56,3617.5,67692468.75,402.0,834.0,48.201438848920866,18712.5
811,7,JULIO,2025,2,URBANO,1,SISTEMA APORTICADO,1,DISTRITO NACIONAL,6,COMERCIAL Y OFICINAS,1,0,80,0,20960.88,373339893.1176,1103.0,1200.0,91.91666666666667,17811.27
812,7,JULIO,2025,2,URBANO,4,SISTEMA COMBINADO,20,SAMANA,2,APARTAMENTOS,3,90,0,150,5680.0,87330000.0,1420.0,8223.23,17.268153754668177,15375.0
813,7,JULIO,2025,2,URBANO,2,SISTEMA DE MUROS,32,SANTO DOMINGO,2,APARTAMENTOS,0,0,0,0,0.0,0.0,0.0,280528.27,0.0,0.0
814,7,JULIO,2025,2,URBANO,4,SISTEMA COMBINADO,25,SANTIAGO,1,VIVIENDAS,1,1,0,4,651.82,9679527.0,325.5,691.45,47.074987345433506,14849.999999999998
815,7,JULIO,2025,2,URBANO,2,SISTEMA DE MUROS,25,SANTIAGO,2,APARTAMENTOS,2,32,0,100,5024.78,77255992.2,1004.8,2420.18,41.51757307307721,15374.999940295895
816,7,JULIO,2025,2,URBANO,1,SISTEMA APORTICADO,1,DISTRITO NACIONAL,2,APARTAMENTOS,1,15,0,46,6916.7,118691727.75,485.97,620.08,78.37214552960909,17160.167095580262
817,7,JULIO,2025,2,URBANO,1,SISTEMA APORTICADO,32,SANTO DOMINGO,16,OBRAS DE ORDEN SOCIAL,0,0,0,0,0.0,0.0,0.0,32978.34,0.0,0.0
818,7,JULIO,2025,2,URBANO,1,SISTEMA APORTICADO,1,DISTRITO NACIONAL,3,COMBINADOS,0,0,0,0,0.0,0.0,0.0,913.75,0.0,0.0
819,7,JULIO,2025,2,URBANO,1,SISTEMA APORTICADO,4,BARAHONA,2,APARTAMENTOS,1,8,0,24,1070.54,14170705.86,214.0,329.67,64.91339824673157,13236.969996450389
820,7,JULIO,2025,2,URBANO,1,SISTEMA APORTICADO,1,DISTRITO NACIONAL,2,APARTAMENTOS,1,28,0,70,9688.05,168528093.75,509.9,830.58,61.39083531989693,17395.46077383994
821,7,JULIO,2025,2,URBANO,1,SISTEMA APORTICADO,32,SANTO DOMINGO,6,COMERCIAL Y OFICINAS,1,0,17,0,1458.33,20339683.5,365.5,500.0,73.1,13947.24342227068
822,7,JULIO,2025,2,URBANO,2,SISTEMA DE MUROS,32,SANTO DOMINGO,2,APARTAMENTOS,1,10,0,28,1330.69,20459358.75,266.0,577.69,46.04545690595302,15375.0
823,7,JULIO,2025,3,SUB URBANO,4,SISTEMA COMBINADO,32,SANTO DOMINGO,10,ESTACION DE COMBUSTIBLE,1,0,0,0,536.02,8442315.0,536.02,10000.0,5.3602,15750.0
824,7,JULIO,2025,2,URBANO,2,SISTEMA DE MUROS,4,BARAHONA,2,APARTAMENTOS,1,8,0,16,963.12,13002120.0,481.56,500.0,96.312,13500.0
825,7,JULIO,2025,2,URBANO,2,SISTEMA DE MUROS,32,SANTO DOMINGO,1,VIVIENDAS,56,56,0,168,6391.03,75867320.25,3195.5,18865.0,16.93877551020408,11870.906606603317
826,7,JULIO,2025,3,SUB URBANO,2,SISTEMA DE MUROS,25,SANTIAGO,2,APARTAMENTOS,1,44,0,132,6566.0,122866275.0,596.9,3075.21,19.410056548983647,18712.5
827,7,JULIO,2025,2,URBANO,2,SISTEMA DE MUROS,11,LA ALTAGRACIA,1,VIVIENDAS,1,1,0,4,607.69,8203815.0,303.5,689.63,44.00910633238113,13499.999999999998
828,7,JULIO,2025,2,URBANO,2,SISTEMA DE MUROS,13,LA VEGA,2,APARTAMENTOS,2,120,0,192,11883.96,222378601.5,1697.6,10000.0,16.976,18712.5
829,7,JULIO,2025,2,URBANO,1,SISTEMA APORTICADO,13,LA VEGA,3,COMBINADOS,12,90,0,172,15024.29,225364350.0,5008.0,56985.69,8.78817120578868,15000.0
830,7,JULIO,2025,2,URBANO,2,SISTEMA DE MUROS,11,LA ALTAGRACIA,2,APARTAMENTOS,0,0,0,0,0.0,0.0,0.0,3520.63,0.0,0.0
831,7,JULIO,2025,2,URBANO,1,SISTEMA APORTICADO,11,LA ALTAGRACIA,5,HOSPEDAJE,0,0,0,0,0.0,0.0,0.0,26493.9,0.0,0.0
832,7,JULIO,2025,2,URBANO,2,SISTEMA DE MUROS,32,SANTO DOMINGO,2,APARTAMENTOS,1,3,0,6,286.15,4292250.0,95.0,203.45,46.69451953797002,15000.000000000002
833,7,JULIO,2025,2,URBANO,1,SISTEMA APORTICADO,1,DISTRITO NACIONAL,2,APARTAMENTOS,1,42,0,42,7438.14,122207153.62,826.46,962.54,85.86240571820393,16429.80014089544
834,7,JULIO,2025,2,URBANO,1,SISTEMA APORTICADO,1,DISTRITO NACIONAL,6,COMERCIAL Y OFICINAS,0,0,0,0,0.0,0.0,0.0,7059.98,0.0,0.0
835,7,JULIO,2025,2,URBANO,1,SISTEMA APORTICADO,11,LA ALTAGRACIA,6,COMERCIAL Y OFICINAS,0,0,0,0,0.0,0.0,0.0,10981.64,0.0,0.0
836,7,JULIO,2025,2,URBANO,4,SISTEMA COMBINADO,1,DISTRITO NACIONAL,3,COMBINADOS,0,0,0,0,0.0,0.0,0.0,1879.51,0.0,0.0
837,7,JULIO,2025,2,URBANO,4,SISTEMA COMBINADO,32,SANTO DOMINGO,2,APARTAMENTOS,1,8,0,24,703.62,10382589.0,175.75,440.0,39.94318181818181,14755.960603734971
838,7,JULIO,2025,2,URBANO,1,SISTEMA APORTICADO,1,DISTRITO NACIONAL,2,APARTAMENTOS,1,17,0,42,3210.17,55498891.5,321.017,504.68,63.608028849964334,17288.45871090939
839,7,JULIO,2025,2,URBANO,4,SISTEMA COMBINADO,11,LA ALTAGRACIA,3,COMBINADOS,0,0,0,0,0.0,0.0,0.0,196551.98,0.0,0.0
840,7,JULIO,2025,2,URBANO,1,SISTEMA APORTICADO,11,LA ALTAGRACIA,2,APARTAMENTOS,0,0,0,0,0.0,0.0,0.0,4434.13,0.0,0.0
841,7,JULIO,2025,2,URBANO,2,SISTEMA DE MUROS,11,LA ALTAGRACIA,1,VIVIENDAS,1,1,0,4,598.97,8984550.0,299.0,689.58,43.35972621015691,15000.0
842,7,JULIO,2025,2,URBANO,2,SISTEMA DE MUROS,11,LA ALTAGRACIA,1,VIVIENDAS,1,1,0,5,645.28,8469300.0,322.64,682.91,47.244878534506746,13125.0
843,7,JULIO,2025,2,URBANO,4,SISTEMA COMBINADO,24,SANCHEZ RAMIREZ,6,COMERCIAL Y OFICINAS,1,0,1,0,1541.0,23885500.0,1541.0,23064.0,6.68140825528963,15500.0
844,7,JULIO,2025,2,URBANO,2,SISTEMA DE MUROS,21,SAN CRISTOBAL,1,VIVIENDAS,1,2,0,6,568.0,7654500.0,284.0,442.39,64.19674947444562,13476.232394366198
845,7,JULIO,2025,2,URBANO,2,SISTEMA DE MUROS,1,DISTRITO NACIONAL,6,COMERCIAL Y OFICINAS,0,0,0,0,0.0,0.0,0.0,1935.0,0.0,0.0
846,7,JULIO,2025,2,URBANO,4,SISTEMA COMBINADO,11,LA ALTAGRACIA,8,COLEGIOS Y CENTROS EDUCATIVOS,1,0,0,0,7647.44,143389500.0,2549.0,8099.01,31.47298250033029,18750.0
847,7,JULIO,2025,2,URBANO,2,SISTEMA DE MUROS,23,SAN PEDRO DE MACORIS,1,VIVIENDAS,1,1,0,3,539.13,7278255.0,269.5,591.94,45.52826299962834,13500.0
848,7,JULIO,2025,2,URBANO,4,SISTEMA COMBINADO,18,PUERTO PLATA,2,APARTAMENTOS,1,8,0,21,1251.39,18770850.0,417.0,690.0,60.43478260869565,14999.999999999998
849,7,JULIO,2025,2,URBANO,1,SISTEMA APORTICADO,25,SANTIAGO,6,COMERCIAL Y OFICINAS,0,0,0,0,0.0,0.0,0.0,310.4,0.0,0.0
850,7,JULIO,2025,2,URBANO,2,SISTEMA DE MUROS,25,SANTIAGO,2,APARTAMENTOS,1,8,0,23,1433.4,22038525.0,358.25,681.91,52.53625845052866,15374.999999999998
851,7,JULIO,2025,2,URBANO,1,SISTEMA APORTICADO,32,SANTO DOMINGO,2,APARTAMENTOS,1,24,0,48,3303.63,43709976.0,660.6,1000.0,66.06,13230.893290108153
852,7,JULIO,2025,2,URBANO,1,SISTEMA APORTICADO,32,SANTO DOMINGO,14,ESTRUCTURAS ESPECIALES,1,0,0,0,673.45,9091575.0,673.45,1446.82,46.546909774540026,13499.999999999998
853,7,JULIO,2025,2,URBANO,4,SISTEMA COMBINADO,1,DISTRITO NACIONAL,1,VIVIENDAS,1,1,0,3,756.54,11234619.0,378.0,1123.57,33.642763690735784,14850.0
854,7,JULIO,2025,3,SUB URBANO,4,SISTEMA COMBINADO,14,MARIA TRINIDAD SANCHEZ,1,VIVIENDAS,1,1,0,3,333.88,4507380.0,166.69,6713.1,2.4830555183149365,13500.0
855,7,JULIO,2025,2,URBANO,1,SISTEMA APORTICADO,32,SANTO DOMINGO,2,APARTAMENTOS,0,0,0,4,43.4,667275.0,0.0,602.0,0.0,15375.0
856,7,JULIO,2025,2,URBANO,1,SISTEMA APORTICADO,1,DISTRITO NACIONAL,2,APARTAMENTOS,1,20,0,50,7892.65,132272550.0,493.25,616.14,80.05485766221963,16758.952949896422
857,7,JULIO,2025,2,URBANO,1,SISTEMA APORTICADO,1,DISTRITO NACIONAL,6,COMERCIAL Y OFICINAS,1,0,4,0,586.6,7878600.0,293.0,1595.9,18.359546337489814,13430.958063416298
858,7,JULIO,2025,2,URBANO,2,SISTEMA DE MUROS,32,SANTO DOMINGO,2,APARTAMENTOS,41,328,0,960,36337.44,490555440.0,9084.0,23643.68,38.42041509612717,13500.0
859,7,JULIO,2025,2,URBANO,1,SISTEMA APORTICADO,32,SANTO DOMINGO,6,COMERCIAL Y OFICINAS,1,0,24,0,1753.65,26041702.5,876.5,1412.79,62.04035985532174,14850.0
860,7,JULIO,2025,2,URBANO,2,SISTEMA DE MUROS,11,LA ALTAGRACIA,3,COMBINADOS,1,0,0,61,0.0,0.0,0.0,51616.5,0.0,0.0
861,7,JULIO,2025,2,URBANO,1,SISTEMA APORTICADO,12,LA ROMANA,2,APARTAMENTOS,1,22,0,50,3165.69,59234707.2,452.24,677.04,66.79664421599905,18711.468021189692
862,7,JULIO,2025,2,URBANO,1,SISTEMA APORTICADO,11,LA ALTAGRACIA,2,APARTAMENTOS,1,6,0,6,550.87,8263050.0,183.0,299.99,61.002033401113366,15000.0
863,7,JULIO,2025,2,URBANO,1,SISTEMA APORTICADO,11,LA ALTAGRACIA,2,APARTAMENTOS,2,56,0,89,14474.56,217118400.0,3618.5,3913.25,92.46789752763048,15000.0
864,7,JULIO,2025,2,URBANO,3,SISTEMA DUALES,11,LA ALTAGRACIA,1,VIVIENDAS,1,1,0,5,1134.67,15318045.0,567.0,3505.77,16.17333709855467,13500.0
865,7,JULIO,2025,2,URBANO,4,SISTEMA COMBINADO,11,LA ALTAGRACIA,5,HOSPEDAJE,0,0,0,0,0.0,0.0,0.0,19769.8,0.0,0.0
866,8,AGOSTO,2025,2,URBANO,1,SISTEMA APORTICADO,32,SANTO DOMINGO,2,APARTAMENTOS,0,0,0,0,0.0,0.0,0.0,55545.63,0.0,0.0
867,8,AGOSTO,2025,2,URBANO,2,SISTEMA DE MUROS,12,LA ROMANA,2,APARTAMENTOS,0,0,0,0,0.0,0.0,0.0,28521.87,0.0,0.0
868,8,AGOSTO,2025,2,URBANO,1,SISTEMA APORTICADO,11,LA ALTAGRACIA,2,APARTAMENTOS,3,296,0,450,41175.01,633065778.75,6862.5,45130.47,15.20591298960547,15375.0
869,8,AGOSTO,2025,2,URBANO,2,SISTEMA DE MUROS,23,SAN PEDRO DE MACORIS,3,COMBINADOS,1,31,3,47,1675.31,22616685.0,279.2,2099.17,13.300494957530834,13500.0
870,8,AGOSTO,2025,2,URBANO,1,SISTEMA APORTICADO,1,DISTRITO NACIONAL,3,COMBINADOS,1,164,40,214,58780.9,1056451522.7,1399.0,2300.0,60.82608695652174,17972.700702098813
871,8,AGOSTO,2025,2,URBANO,1,SISTEMA APORTICADO,1,DISTRITO NACIONAL,2,APARTAMENTOS,1,30,0,60,5104.41,75292242.4,851.0,1007.37,84.47740155057228,14750.430000724866
872,8,AGOSTO,2025,2,URBANO,1,SISTEMA APORTICADO,11,LA ALTAGRACIA,5,HOSPEDAJE,0,0,0,0,0.0,0.0,0.0,26493.9,0.0,0.0
873,8,AGOSTO,2025,2,URBANO,2,SISTEMA DE MUROS,20,SAMANA,2,APARTAMENTOS,1,8,0,8,689.2,10699830.0,345.0,955.83,36.094284548507574,15524.999999999998
874,8,AGOSTO,2025,2,URBANO,1,SISTEMA APORTICADO,1,DISTRITO NACIONAL,2,APARTAMENTOS,1,53,0,56,8115.45,120012318.75,1470.0,1474.43,99.69954490888003,14788.128661996563
875,8,AGOSTO,2025,2,URBANO,1,SISTEMA APORTICADO,8,EL SEIBO,6,COMERCIAL Y OFICINAS,1,0,48,0,2522.18,37832700.0,841.0,2433.97,34.552603359942815,15000.000000000002
876,8,AGOSTO,2025,2,URBANO,2,SISTEMA DE MUROS,11,LA ALTAGRACIA,2,APARTAMENTOS,1,15,0,27,1295.09,19426350.0,432.0,1048.97,41.1832559558424,15000.000000000002
877,8,AGOSTO,2025,2,URBANO,2,SISTEMA DE MUROS,1,DISTRITO NACIONAL,2,APARTAMENTOS,0,0,0,0,0.0,0.0,0.0,4049.54,0.0,0.0
878,8,AGOSTO,2025,2,URBANO,2,SISTEMA DE MUROS,32,SANTO DOMINGO,2,APARTAMENTOS,1,4,0,12,422.0,5697000.0,105.5,289.36,36.45977329278408,13500.0
879,8,AGOSTO,2025,2,URBANO,2,SISTEMA DE MUROS,21,SAN CRISTOBAL,1,VIVIENDAS,1,1,0,3,175.68,2134512.0,175.68,240.0,73.2,12150.0
880,8,AGOSTO,2025,2,URBANO,1,SISTEMA APORTICADO,1,DISTRITO NACIONAL,2,APARTAMENTOS,1,8,0,8,1558.32,22841191.5,311.0,475.01,65.47230584619271,14657.574503311258
881,8,AGOSTO,2025,2,URBANO,2,SISTEMA DE MUROS,23,SAN PEDRO DE MACORIS,2,APARTAMENTOS,3,66,0,154,8554.6,160077952.5,777.69,2715.45,28.639452024526324,18712.5
882,8,AGOSTO,2025,2,URBANO,2,SISTEMA DE MUROS,1,DISTRITO NACIONAL,2,APARTAMENTOS,6,72,0,216,8812.82,135497107.5,1468.0,5440.49,26.982863675882136,15375.0
883,8,AGOSTO,2025,2,URBANO,1,SISTEMA APORTICADO,1,DISTRITO NACIONAL,2,APARTAMENTOS,1,8,0,16,1234.6,18094365.0,247.0,435.82,56.67477398926162,14656.054592580595
884,8,AGOSTO,2025,2,URBANO,1,SISTEMA APORTICADO,32,SANTO DOMINGO,2,APARTAMENTOS,0,0,0,0,0.0,0.0,0.0,382.09,0.0,0.0
885,8,AGOSTO,2025,2,URBANO,2,SISTEMA DE MUROS,11,LA ALTAGRACIA,2,APARTAMENTOS,5,54,0,78,4897.26,75295372.5,1740.7,9000.0,19.34111111111111,15375.0
886,8,AGOSTO,2025,2,URBANO,1,SISTEMA APORTICADO,12,LA ROMANA,7,ALMACENES,1,0,0,0,3321.94,49829100.0,1107.0,11009.45,10.054998206086589,15000.0
887,8,AGOSTO,2025,2,URBANO,2,SISTEMA DE MUROS,13,LA VEGA,2,APARTAMENTOS,1,3,0,9,419.5,7079062.5,124.5,240.0,51.87500000000001,16875.0
888,8,AGOSTO,2025,2,URBANO,2,SISTEMA DE MUROS,13,LA VEGA,2,APARTAMENTOS,0,0,0,0,0.0,0.0,0.0,397.84,0.0,0.0
889,8,AGOSTO,2025,1,RURAL,4,SISTEMA COMBINADO,29,MONTE PLATA,10,ESTACION DE COMBUSTIBLE,0,0,0,0,0.0,0.0,0.0,43088.96,0.0,0.0
890,8,AGOSTO,2025,2,URBANO,4,SISTEMA COMBINADO,11,LA ALTAGRACIA,2,APARTAMENTOS,5,56,0,56,5888.42,88326300.0,1472.0,6332.72,23.244356295557044,15000.0
891,8,AGOSTO,2025,2,URBANO,4,SISTEMA COMBINADO,11,LA ALTAGRACIA,2,APARTAMENTOS,1,98,0,114,10944.91,164173650.0,2736.0,8074.9,33.882772542074825,15000.0
892,8,AGOSTO,2025,2,URBANO,1,SISTEMA APORTICADO,11,LA ALTAGRACIA,6,COMERCIAL Y OFICINAS,0,0,0,0,0.0,0.0,0.0,16836.79,0.0,0.0
893,8,AGOSTO,2025,2,URBANO,1,SISTEMA APORTICADO,1,DISTRITO NACIONAL,2,APARTAMENTOS,0,0,0,0,0.0,0.0,0.0,410.4,0.0,0.0
894,8,AGOSTO,2025,2,URBANO,4,SISTEMA COMBINADO,25,SANTIAGO,3,COMBINADOS,14,104,1,286,13317.45,199761750.0,3329.25,9765.0,34.093701996927805,15000.0
895,8,AGOSTO,2025,2,URBANO,4,SISTEMA COMBINADO,18,PUERTO PLATA,6,COMERCIAL Y OFICINAS,0,0,0,0,0.0,0.0,0.0,891.16,0.0,0.0
896,8,AGOSTO,2025,2,URBANO,4,SISTEMA COMBINADO,25,SANTIAGO,2,APARTAMENTOS,0,1,0,4,377.81,7877338.5,0.0,998.01,0.0,20850.0
897,8,AGOSTO,2025,2,URBANO,4,SISTEMA COMBINADO,11,LA ALTAGRACIA,2,APARTAMENTOS,0,0,0,0,0.0,0.0,0.0,28532.22,0.0,0.0
898,8,AGOSTO,2025,2,URBANO,2,SISTEMA DE MUROS,17,PERAVIA,2,APARTAMENTOS,0,0,0,0,0.0,0.0,0.0,73703.46,0.0,0.0
899,8,AGOSTO,2025,2,URBANO,2,SISTEMA DE MUROS,11,LA ALTAGRACIA,2,APARTAMENTOS,1,66,0,132,12869.7,197865026.5,2145.0,3520.63,60.92659552409654,15374.486312812263
900,8,AGOSTO,2025,2,URBANO,4,SISTEMA COMBINADO,25,SANTIAGO,2,APARTAMENTOS,3,24,0,72,3441.61,51624150.0,860.25,2804.83,30.67030800440668,15000.0
901,8,AGOSTO,2025,2,URBANO,2,SISTEMA DE MUROS,25,SANTIAGO,2,APARTAMENTOS,1,6,0,15,866.9,13328433.75,217.0,388.05,55.92062878495039,15374.822643903564
902,8,AGOSTO,2025,1,RURAL,4,SISTEMA COMBINADO,12,LA ROMANA,14,ESTRUCTURAS ESPECIALES,1,0,0,0,120.34,1985610.0,120.34,2012529.02,0.005979541104952613,16500.0
903,8,AGOSTO,2025,2,URBANO,1,SISTEMA APORTICADO,25,SANTIAGO,6,COMERCIAL Y OFICINAS,1,0,7,0,634.77,9521550.0,211.0,310.4,67.97680412371135,15000.0
904,8,AGOSTO,2025,2,URBANO,2,SISTEMA DE MUROS,32,SANTO DOMINGO,2,APARTAMENTOS,2,16,0,48,1299.68,17545680.0,324.75,1196.16,27.149378009630816,13500.0
905,8,AGOSTO,2025,2,URBANO,1,SISTEMA APORTICADO,23,SAN PEDRO DE MACORIS,18,CENTROS DE RECREACION Y DEPORTES,8,0,0,0,40937.11,921084975.0,13646.0,447313.01,3.050660207714504,22500.0
906,8,AGOSTO,2025,2,URBANO,2,SISTEMA DE MUROS,25,SANTIAGO,2,APARTAMENTOS,1,5,0,20,1309.2,20128950.0,218.0,547.0,39.853747714808044,15375.0
907,8,AGOSTO,2025,2,URBANO,2,SISTEMA DE MUROS,11,LA ALTAGRACIA,19,APARTAMENTOS Y VIVIENDAS,34,360,0,480,52310.99,784664850.0,13077.0,49149.57,26.606539996179013,15000.0
908,8,AGOSTO,2025,2,URBANO,2,SISTEMA DE MUROS,11,LA ALTAGRACIA,1,VIVIENDAS,1,1,0,8,1675.31,22616685.0,838.0,2229.39,37.58875746280373,13500.0
909,8,AGOSTO,2025,2,URBANO,2,SISTEMA DE MUROS,32,SANTO DOMINGO,2,APARTAMENTOS,0,0,0,0,0.0,0.0,0.0,250002.0,0.0,0.0
910,8,AGOSTO,2025,2,URBANO,2,SISTEMA DE MUROS,32,SANTO DOMINGO,2,APARTAMENTOS,1,24,0,72,2413.69,32584815.0,603.25,1501.98,40.16365064781156,13500.0
911,8,AGOSTO,2025,2,URBANO,2,SISTEMA DE MUROS,13,LA VEGA,2,APARTAMENTOS,1,6,0,14,552.51,8293650.0,147.94,290.09,50.99796614843669,15010.859531954173
912,8,AGOSTO,2025,2,URBANO,1,SISTEMA APORTICADO,11,LA ALTAGRACIA,1,VIVIENDAS,1,1,0,3,436.29,5889915.0,218.145,764.83,28.52202450217695,13500.0
913,8,AGOSTO,2025,2,URBANO,1,SISTEMA APORTICADO,1,DISTRITO NACIONAL,6,COMERCIAL Y OFICINAS,1,0,5,0,4960.15,65120762.37,1440.0,1442.56,99.82253771073647,13128.788921705996
914,8,AGOSTO,2025,2,URBANO,2,SISTEMA DE MUROS,11,LA ALTAGRACIA,5,HOSPEDAJE,2,0,0,276,27702.13,436308547.5,6925.5325,14858.68,46.60933878379506,15750.0
915,8,AGOSTO,2025,2,URBANO,2,SISTEMA DE MUROS,25,SANTIAGO,1,VIVIENDAS,1,1,0,4,276.0,3726000.0,138.0,215.5,64.03712296983758,13500.0
916,8,AGOSTO,2025,2,URBANO,2,SISTEMA DE MUROS,6,DUARTE,1,VIVIENDAS,1,1,0,4,429.0,5791500.0,215.0,377.0,57.02917771883289,13500.0
917,8,AGOSTO,2025,2,URBANO,2,SISTEMA DE MUROS,6,DUARTE,2,APARTAMENTOS,1,6,0,18,745.4,11181000.0,248.0,400.29,61.95508256514027,15000.0
918,8,AGOSTO,2025,2,URBANO,2,SISTEMA DE MUROS,6,DUARTE,2,APARTAMENTOS,4,64,0,160,4317.0,64755000.0,1079.25,2782.08,38.79291752933057,15000.0
919,8,AGOSTO,2025,2,URBANO,1,SISTEMA APORTICADO,11,LA ALTAGRACIA,1,VIVIENDAS,1,1,0,3,327.38,4419630.0,163.69,764.54,21.410259764041122,13500.0
920,8,AGOSTO,2025,2,URBANO,1,SISTEMA APORTICADO,25,SANTIAGO,2,APARTAMENTOS,1,22,0,68,5421.83,101455993.87,451.75,946.74,47.716374083697744,18712.4999990778
921,8,AGOSTO,2025,2,URBANO,2,SISTEMA DE MUROS,20,SAMANA,2,APARTAMENTOS,2,8,0,8,1428.0,24097500.0,357.0,1844.0,19.36008676789588,16875.0
922,8,AGOSTO,2025,2,URBANO,2,SISTEMA DE MUROS,14,MARIA TRINIDAD SANCHEZ,2,APARTAMENTOS,3,18,0,54,2205.4,33081000.0,735.0,2227.38,32.99841068879131,15000.0
923,8,AGOSTO,2025,2,URBANO,1,SISTEMA APORTICADO,1,DISTRITO NACIONAL,2,APARTAMENTOS,0,2,0,2,0.0,0.0,0.0,511.05,0.0,0.0
924,8,AGOSTO,2025,2,URBANO,1,SISTEMA APORTICADO,1,DISTRITO NACIONAL,2,APARTAMENTOS,0,0,0,3,0.0,0.0,0.0,428.63,0.0,0.0
925,8,AGOSTO,2025,3,SUB URBANO,4,SISTEMA COMBINADO,13,LA VEGA,1,VIVIENDAS,4,4,0,12,1098.32,14827320.0,549.16,1910.05,28.751079814664536,13500.0
926,8,AGOSTO,2025,2,URBANO,1,SISTEMA APORTICADO,32,SANTO DOMINGO,14,ESTRUCTURAS ESPECIALES,0,0,0,0,0.0,0.0,0.0,12134.0,0.0,0.0
927,8,AGOSTO,2025,2,URBANO,2,SISTEMA DE MUROS,32,SANTO DOMINGO,2,APARTAMENTOS,0,0,0,0,0.0,0.0,0.0,1000014.29,0.0,0.0
928,8,AGOSTO,2025,2,URBANO,1,SISTEMA APORTICADO,1,DISTRITO NACIONAL,2,APARTAMENTOS,1,64,0,80,12100.0,201020400.0,931.0,1200.0,77.58333333333334,16613.256198347106
929,8,AGOSTO,2025,2,URBANO,4,SISTEMA COMBINADO,32,SANTO DOMINGO,2,APARTAMENTOS,1,16,0,28,1637.53,24064440.0,327.4,520.54,62.896223152879706,14695.571989520802
930,8,AGOSTO,2025,2,URBANO,2,SISTEMA DE MUROS,25,SANTIAGO,2,APARTAMENTOS,1,6,0,15,665.14,9974100.0,222.0,380.0,58.42105263157895,14995.489671347386
931,8,AGOSTO,2025,2,URBANO,2,SISTEMA DE MUROS,25,SANTIAGO,2,APARTAMENTOS,0,0,0,0,0.0,0.0,0.0,341.0,0.0,0.0
932,8,AGOSTO,2025,3,SUB URBANO,2,SISTEMA DE MUROS,15,MONTE CRISTI,2,APARTAMENTOS,0,0,0,0,0.0,0.0,0.0,2282.82,0.0,0.0
933,8,AGOSTO,2025,2,URBANO,4,SISTEMA COMBINADO,25,SANTIAGO,2,APARTAMENTOS,0,0,0,0,0.0,0.0,0.0,309.23,0.0,0.0
934,8,AGOSTO,2025,3,SUB URBANO,4,SISTEMA COMBINADO,32,SANTO DOMINGO,14,ESTRUCTURAS ESPECIALES,0,0,0,0,0.0,0.0,0.0,151337.61,0.0,0.0
935,8,AGOSTO,2025,3,SUB URBANO,1,SISTEMA APORTICADO,22,SAN JUAN,14,ESTRUCTURAS ESPECIALES,0,0,0,0,0.0,0.0,0.0,1173570.26,0.0,0.0
936,8,AGOSTO,2025,2,URBANO,1,SISTEMA APORTICADO,1,DISTRITO NACIONAL,2,APARTAMENTOS,1,16,0,44,2742.0,40129170.0,548.4,930.13,58.959500284906404,14635.0
937,8,AGOSTO,2025,2,URBANO,1,SISTEMA APORTICADO,1,DISTRITO NACIONAL,2,APARTAMENTOS,1,36,0,44,4832.02,62950149.0,966.4,990.23,97.59348838148712,13027.70870153683
938,8,AGOSTO,2025,2,URBANO,1,SISTEMA APORTICADO,1,DISTRITO NACIONAL,1,VIVIENDAS,3,3,0,9,1273.47,18911029.5,636.5,954.88,66.65759048257372,14850.0
939,8,AGOSTO,2025,2,URBANO,1,SISTEMA APORTICADO,1,DISTRITO NACIONAL,2,APARTAMENTOS,1,9,0,15,1131.39,16249401.0,283.0,490.89,57.65039010776345,14362.333943202608
940,8,AGOSTO,2025,2,URBANO,1,SISTEMA APORTICADO,1,DISTRITO NACIONAL,6,COMERCIAL Y OFICINAS,0,0,0,0,0.0,0.0,0.0,5050.0,0.0,0.0
941,8,AGOSTO,2025,2,URBANO,2,SISTEMA DE MUROS,32,SANTO DOMINGO,2,APARTAMENTOS,0,0,0,0,0.0,0.0,0.0,812.04,0.0,0.0
942,8,AGOSTO,2025,2,URBANO,1,SISTEMA APORTICADO,32,SANTO DOMINGO,2,APARTAMENTOS,1,15,0,34,1730.0,25649200.0,432.5,558.29,77.46869906321088,14826.127167630058
943,8,AGOSTO,2025,2,URBANO,2,SISTEMA DE MUROS,11,LA ALTAGRACIA,6,COMERCIAL Y OFICINAS,0,0,0,0,0.0,0.0,0.0,5315.45,0.0,0.0
944,8,AGOSTO,2025,3,SUB URBANO,2,SISTEMA DE MUROS,14,MARIA TRINIDAD SANCHEZ,2,APARTAMENTOS,2,18,0,35,2738.0,47230500.0,913.0,4059.49,22.490509891636634,17250.0
945,8,AGOSTO,2025,2,URBANO,1,SISTEMA APORTICADO,32,SANTO DOMINGO,6,COMERCIAL Y OFICINAS,1,0,0,0,2900.0,39150000.0,2900.0,9154.25,31.679274653849305,13500.0
946,8,AGOSTO,2025,2,URBANO,2,SISTEMA DE MUROS,25,SANTIAGO,2,APARTAMENTOS,1,18,0,36,4721.04,88342461.0,472.1,867.6,54.41447671738129,18712.5
947,8,AGOSTO,2025,2,URBANO,1,SISTEMA APORTICADO,32,SANTO DOMINGO,1,VIVIENDAS,1,1,0,2,389.54,5258790.0,194.5,350.09,55.55714244908453,13500.0
948,8,AGOSTO,2025,2,URBANO,1,SISTEMA APORTICADO,32,SANTO DOMINGO,2,APARTAMENTOS,0,0,0,1,299.44,3948622.45,0.0,688.25,0.0,13186.68998797756
949,8,AGOSTO,2025,2,URBANO,1,SISTEMA APORTICADO,1,DISTRITO NACIONAL,6,COMERCIAL Y OFICINAS,2,0,0,0,3125.01,46875150.0,1562.5,5050.0,30.94059405940594,14999.999999999998
950,8,AGOSTO,2025,2,URBANO,1,SISTEMA APORTICADO,32,SANTO DOMINGO,11,CENTROS DE SALUD,0,0,0,0,817.83,13248846.0,0.0,32274.96,0.0,16200.0
951,8,AGOSTO,2025,2,URBANO,1,SISTEMA APORTICADO,1,DISTRITO NACIONAL,6,COMERCIAL Y OFICINAS,0,0,0,0,0.0,0.0,0.0,5022.3,0.0,0.0
952,8,AGOSTO,2025,2,URBANO,1,SISTEMA APORTICADO,25,SANTIAGO,2,APARTAMENTOS,1,6,0,18,992.1,15253537.5,165.0,435.0,37.93103448275862,15375.0
953,8,AGOSTO,2025,2,URBANO,2,SISTEMA DE MUROS,25,SANTIAGO,1,VIVIENDAS,0,0,0,0,0.0,0.0,0.0,928.32,0.0,0.0
954,8,AGOSTO,2025,2,URBANO,2,SISTEMA DE MUROS,25,SANTIAGO,2,APARTAMENTOS,1,6,0,18,724.59,10868850.0,241.53,500.08,48.298272276435775,15000.0
955,8,AGOSTO,2025,2,URBANO,1,SISTEMA APORTICADO,25,SANTIAGO,2,APARTAMENTOS,0,0,0,0,0.0,0.0,0.0,1093.55,0.0,0.0
956,8,AGOSTO,2025,2,URBANO,1,SISTEMA APORTICADO,25,SANTIAGO,2,APARTAMENTOS,1,10,0,30,2151.12,40252833.0,358.5,574.21,62.433604430434855,18712.5
957,8,AGOSTO,2025,2,URBANO,2,SISTEMA DE MUROS,25,SANTIAGO,2,APARTAMENTOS,0,0,0,0,0.0,0.0,0.0,4634.48,0.0,0.0
958,8,AGOSTO,2025,2,URBANO,2,SISTEMA DE MUROS,21,SAN CRISTOBAL,2,APARTAMENTOS,0,0,0,0,0.0,0.0,0.0,2203.55,0.0,0.0
959,8,AGOSTO,2025,2,URBANO,1,SISTEMA APORTICADO,1,DISTRITO NACIONAL,2,APARTAMENTOS,0,0,0,0,21900.27,387724995.0,0.0,1599.96,0.0,17704.119401267657
960,8,AGOSTO,2025,2,URBANO,2,SISTEMA DE MUROS,6,DUARTE,2,APARTAMENTOS,0,0,0,0,0.0,0.0,0.0,1594.5049,0.0,0.0
961,9,SEPTIEMBRE,2025,2,URBANO,2,SISTEMA DE MUROS,25,SANTIAGO,1,VIVIENDAS,1,1,0,4,480.48,6486480.0,240.24,585.73,41.01548495040377,13500.0
962,9,SEPTIEMBRE,2025,2,URBANO,2,SISTEMA DE MUROS,24,SANCHEZ RAMIREZ,2,APARTAMENTOS,3,9,0,27,1217.0,18255000.0,406.0,1126.63,36.036675749802505,15000.0
963,9,SEPTIEMBRE,2025,2,URBANO,2,SISTEMA DE MUROS,32,SANTO DOMINGO,2,APARTAMENTOS,0,0,0,0,0.0,0.0,0.0,152000.0,0.0,0.0
964,9,SEPTIEMBRE,2025,2,URBANO,1,SISTEMA APORTICADO,11,LA ALTAGRACIA,2,APARTAMENTOS,1,128,0,136,15530.15,262071281.25,3106.0,11773.9,26.380383730114914,16875.0
965,9,SEPTIEMBRE,2025,2,URBANO,2,SISTEMA DE MUROS,11,LA ALTAGRACIA,2,APARTAMENTOS,0,0,0,0,0.0,0.0,0.0,3229.15,0.0,0.0
966,9,SEPTIEMBRE,2025,2,URBANO,1,SISTEMA APORTICADO,11,LA ALTAGRACIA,6,COMERCIAL Y OFICINAS,0,0,0,0,0.0,0.0,0.0,6418.62,0.0,0.0
967,9,SEPTIEMBRE,2025,2,URBANO,2,SISTEMA DE MUROS,11,LA ALTAGRACIA,1,VIVIENDAS,1,1,0,5,747.99,10097865.0,373.995,1456.88,25.670954368238974,13500.0
968,9,SEPTIEMBRE,2025,2,URBANO,4,SISTEMA COMBINADO,11,LA ALTAGRACIA,1,VIVIENDAS,0,0,0,0,0.0,0.0,0.0,2260.25,0.0,0.0
969,9,SEPTIEMBRE,2025,2,URBANO,1,SISTEMA APORTICADO,11,LA ALTAGRACIA,1,VIVIENDAS,0,0,0,0,0.0,0.0,0.0,3068.77,0.0,0.0
970,9,SEPTIEMBRE,2025,2,URBANO,2,SISTEMA DE MUROS,18,PUERTO PLATA,3,COMBINADOS,0,0,0,0,0.0,0.0,0.0,26927.15,0.0,0.0
971,9,SEPTIEMBRE,2025,2,URBANO,2,SISTEMA DE MUROS,25,SANTIAGO,2,APARTAMENTOS,0,0,0,0,0.0,0.0,0.0,27131.14,0.0,0.0
972,9,SEPTIEMBRE,2025,2,URBANO,2,SISTEMA DE MUROS,25,SANTIAGO,2,APARTAMENTOS,0,0,0,0,0.0,0.0,0.0,27132.14,0.0,0.0
973,9,SEPTIEMBRE,2025,2,URBANO,4,SISTEMA COMBINADO,32,SANTO DOMINGO,2,APARTAMENTOS,0,0,0,0,0.0,0.0,0.0,53413.98,0.0,0.0
974,9,SEPTIEMBRE,2025,3,SUB URBANO,4,SISTEMA COMBINADO,25,SANTIAGO,2,APARTAMENTOS,2,16,0,48,2127.54,31913100.0,601.82,1886.39,31.90326496641734,15000.0
975,9,SEPTIEMBRE,2025,2,URBANO,2,SISTEMA DE MUROS,25,SANTIAGO,2,APARTAMENTOS,1,6,0,18,620.35,9305250.0,207.0,407.28,50.824985268120216,15000.0
976,9,SEPTIEMBRE,2025,2,URBANO,2,SISTEMA DE MUROS,26,SANTIAGO RODRIGUEZ,2,APARTAMENTOS,2,16,0,48,2138.7,32080500.0,534.5,1548.39,34.51972694217865,15000.000000000002
977,9,SEPTIEMBRE,2025,2,URBANO,1,SISTEMA APORTICADO,11,LA ALTAGRACIA,1,VIVIENDAS,1,1,0,7,1118.45,15099075.0,559.225,1647.24,33.94921201524975,13500.0
978,9,SEPTIEMBRE,2025,2,URBANO,1,SISTEMA APORTICADO,1,DISTRITO NACIONAL,2,APARTAMENTOS,1,24,0,60,4343.66,75213050.25,621.0,830.66,74.75982953314232,17315.59335905665
979,9,SEPTIEMBRE,2025,2,URBANO,2,SISTEMA DE MUROS,32,SANTO DOMINGO,2,APARTAMENTOS,1,4,0,12,679.55,9010777.5,169.75,312.35,54.34608612133823,13259.918328305497
980,9,SEPTIEMBRE,2025,2,URBANO,2,SISTEMA DE MUROS,32,SANTO DOMINGO,2,APARTAMENTOS,8,112,0,312,8637.64,116608140.0,2159.0,6540.87,33.00784146451466,13500.000000000002
981,9,SEPTIEMBRE,2025,2,URBANO,1,SISTEMA APORTICADO,32,SANTO DOMINGO,2,APARTAMENTOS,1,4,0,6,520.56,7027560.0,173.52,206.3,84.11051866214251,13500.000000000002
982,9,SEPTIEMBRE,2025,2,URBANO,2,SISTEMA DE MUROS,32,SANTO DOMINGO,2,APARTAMENTOS,0,0,0,0,0.0,0.0,0.0,57188.29,0.0,0.0
983,9,SEPTIEMBRE,2025,2,URBANO,1,SISTEMA APORTICADO,11,LA ALTAGRACIA,6,COMERCIAL Y OFICINAS,0,0,0,0,0.0,0.0,0.0,4000.0,0.0,0.0
984,9,SEPTIEMBRE,2025,2,URBANO,2,SISTEMA DE MUROS,11,LA ALTAGRACIA,6,COMERCIAL Y OFICINAS,0,0,0,0,0.0,0.0,0.0,5315.45,0.0,0.0
985,9,SEPTIEMBRE,2025,2,URBANO,1,SISTEMA APORTICADO,11,LA ALTAGRACIA,18,CENTROS DE RECREACION Y DEPORTES,0,0,0,0,0.0,0.0,0.0,10861.98,0.0,0.0
986,9,SEPTIEMBRE,2025,2,URBANO,1,SISTEMA APORTICADO,25,SANTIAGO,6,COMERCIAL Y OFICINAS,1,0,0,0,6071.41,91072350.0,2024.0,2150.83,94.10320666905334,15000.197647663394
987,9,SEPTIEMBRE,2025,2,URBANO,2,SISTEMA DE MUROS,25,SANTIAGO,2,APARTAMENTOS,0,0,0,0,0.0,0.0,0.0,2926.31,0.0,0.0
988,9,SEPTIEMBRE,2025,2,URBANO,1,SISTEMA APORTICADO,1,DISTRITO NACIONAL,2,APARTAMENTOS,1,59,0,88,9016.02,152913854.25,820.0,1008.52,81.30726212668068,16960.239024536324
989,9,SEPTIEMBRE,2025,2,URBANO,1,SISTEMA APORTICADO,31,SAN JOSE DE OCOA,14,ESTRUCTURAS ESPECIALES,1,0,0,0,1650.0,27655650.0,1650.0,3589.42,45.96842943985379,16761.0
990,9,SEPTIEMBRE,2025,2,URBANO,4,SISTEMA COMBINADO,11,LA ALTAGRACIA,18,CENTROS DE RECREACION Y DEPORTES,8,0,0,0,87440.57,1442769405.0,29146.0,110778.26,26.310216463049702,16500.0
991,9,SEPTIEMBRE,2025,2,URBANO,1,SISTEMA APORTICADO,11,LA ALTAGRACIA,6,COMERCIAL Y OFICINAS,0,0,0,0,0.0,0.0,0.0,16836.79,0.0,0.0
992,9,SEPTIEMBRE,2025,2,URBANO,2,SISTEMA DE MUROS,25,SANTIAGO,2,APARTAMENTOS,1,6,0,6,527.6,7914000.0,176.0,261.46,67.31431194064102,15000.0
993,9,SEPTIEMBRE,2025,2,URBANO,1,SISTEMA APORTICADO,25,SANTIAGO,2,APARTAMENTOS,2,80,0,200,11624.44,217522333.5,1162.444,4142.62,28.06059933085825,18712.5
994,9,SEPTIEMBRE,2025,2,URBANO,2,SISTEMA DE MUROS,13,LA VEGA,2,APARTAMENTOS,3,18,0,54,3556.8,60021000.0,956.5,2802.69,34.127927098608836,16875.0
995,9,SEPTIEMBRE,2025,2,URBANO,1,SISTEMA APORTICADO,1,DISTRITO NACIONAL,2,APARTAMENTOS,1,12,0,12,1578.85,22423762.5,395.0,584.08,67.62772222983152,14202.592076511386
996,9,SEPTIEMBRE,2025,2,URBANO,4,SISTEMA COMBINADO,32,SANTO DOMINGO,2,APARTAMENTOS,0,0,0,0,0.0,0.0,0.0,963.21,0.0,0.0
997,9,SEPTIEMBRE,2025,2,URBANO,1,SISTEMA APORTICADO,11,LA ALTAGRACIA,2,APARTAMENTOS,0,0,0,0,0.0,0.0,0.0,138149.41,0.0,0.0
998,9,SEPTIEMBRE,2025,2,URBANO,2,SISTEMA DE MUROS,32,SANTO DOMINGO,2,APARTAMENTOS,0,0,0,0,0.0,0.0,0.0,1672.23,0.0,0.0
999,9,SEPTIEMBRE,2025,2,URBANO,1,SISTEMA APORTICADO,1,DISTRITO NACIONAL,2,APARTAMENTOS,1,40,0,84,18803.61,331590510.0,818.0,1020.55,80.15285875263338,17634.40690378071
1000,9,SEPTIEMBRE,2025,2,URBANO,1,SISTEMA APORTICADO,1,DISTRITO NACIONAL,2,APARTAMENTOS,0,0,0,0,0.0,0.0,0.0,795.18,0.0,0.0
1001,9,SEPTIEMBRE,2025,2,URBANO,1,SISTEMA APORTICADO,11,LA ALTAGRACIA,1,VIVIENDAS,1,1,0,4,544.03,7344405.0,272.0,683.46,39.79750095104322,13500.0
1002,9,SEPTIEMBRE,2025,2,URBANO,4,SISTEMA COMBINADO,11,LA ALTAGRACIA,2,APARTAMENTOS,0,3,0,0,0.0,0.0,0.0,3448.37,0.0,0.0
1003,9,SEPTIEMBRE,2025,2,URBANO,1,SISTEMA APORTICADO,23,SAN PEDRO DE MACORIS,14,ESTRUCTURAS ESPECIALES,1,0,0,0,15530.15,262071281.25,15530.15,33608.3,46.20926973396452,16875.0
1004,9,SEPTIEMBRE,2025,2,URBANO,2,SISTEMA DE MUROS,1,DISTRITO NACIONAL,18,CENTROS DE RECREACION Y DEPORTES,0,0,0,0,0.0,0.0,0.0,10694.0,0.0,0.0
1005,9,SEPTIEMBRE,2025,2,URBANO,1,SISTEMA APORTICADO,32,SANTO DOMINGO,2,APARTAMENTOS,1,15,0,45,2532.34,44336490.38,362.0,744.31,48.63564912469267,17508.11122519093
1006,9,SEPTIEMBRE,2025,2,URBANO,2,SISTEMA DE MUROS,13,LA VEGA,2,APARTAMENTOS,2,9,0,24,1023.09,15346350.0,341.0,826.6,41.253326881200095,15000.0
1007,9,SEPTIEMBRE,2025,2,URBANO,2,SISTEMA DE MUROS,11,LA ALTAGRACIA,2,APARTAMENTOS,3,36,0,81,5549.56,97810995.0,1387.39,4258.12,32.58221938320198,17625.0
1008,9,SEPTIEMBRE,2025,2,URBANO,4,SISTEMA COMBINADO,11,LA ALTAGRACIA,3,COMBINADOS,0,0,0,0,0.0,0.0,0.0,196551.98,0.0,0.0
1009,9,SEPTIEMBRE,2025,2,URBANO,4,SISTEMA COMBINADO,11,LA ALTAGRACIA,2,APARTAMENTOS,0,0,0,0,0.0,0.0,0.0,124001.79,0.0,0.0
1010,9,SEPTIEMBRE,2025,2,URBANO,1,SISTEMA APORTICADO,25,SANTIAGO,10,ESTACION DE COMBUSTIBLE,1,0,0,0,493.33,7769947.5,493.33,2999.94,16.444662226577865,15750.0
1011,9,SEPTIEMBRE,2025,2,URBANO,2,SISTEMA DE MUROS,32,SANTO DOMINGO,2,APARTAMENTOS,1,8,0,24,1236.1,18212172.0,247.2,498.28,49.61066067271413,14733.574953482728
1012,9,SEPTIEMBRE,2025,2,URBANO,1,SISTEMA APORTICADO,23,SAN PEDRO DE MACORIS,6,COMERCIAL Y OFICINAS,0,0,0,0,0.0,0.0,0.0,14393.98,0.0,0.0
1013,9,SEPTIEMBRE,2025,2,URBANO,1,SISTEMA APORTICADO,9,ESPAILLAT,6,COMERCIAL Y OFICINAS,1,0,11,0,3883.45,58251750.0,970.8625,2253.31,43.08606006275213,15000.0
1014,9,SEPTIEMBRE,2025,2,URBANO,1,SISTEMA APORTICADO,11,LA ALTAGRACIA,2,APARTAMENTOS,1,57,0,109,17093.38,288450787.5,3418.6,6867.47,49.77961316176117,16875.0
1015,9,SEPTIEMBRE,2025,2,URBANO,1,SISTEMA APORTICADO,11,LA ALTAGRACIA,10,ESTACION DE COMBUSTIBLE,1,0,0,0,1081.72,17037090.0,1081.72,4460.39,24.251690995630426,15750.0
1016,9,SEPTIEMBRE,2025,2,URBANO,1,SISTEMA APORTICADO,32,SANTO DOMINGO,2,APARTAMENTOS,1,70,0,171,16565.0,277535175.0,720.22,1000.0,72.022,16754.311801992153
1017,9,SEPTIEMBRE,2025,2,URBANO,2,SISTEMA DE MUROS,25,SANTIAGO,2,APARTAMENTOS,1,8,0,24,1043.8,15657150.0,260.95,580.23,44.97354497354497,15000.143705690745
1018,9,SEPTIEMBRE,2025,2,URBANO,1,SISTEMA APORTICADO,1,DISTRITO NACIONAL,1,VIVIENDAS,1,1,0,2,863.62,11658870.0,431.81,697.44,61.91356962606102,13500.0
1019,9,SEPTIEMBRE,2025,2,URBANO,1,SISTEMA APORTICADO,1,DISTRITO NACIONAL,2,APARTAMENTOS,0,0,0,0,0.0,0.0,0.0,591.92,0.0,0.0
1020,9,SEPTIEMBRE,2025,2,URBANO,1,SISTEMA APORTICADO,32,SANTO DOMINGO,7,ALMACENES,1,0,0,0,3326.18,47582091.0,877.82,877.82,100.0,14305.326530734957
1021,9,SEPTIEMBRE,2025,2,URBANO,1,SISTEMA APORTICADO,1,DISTRITO NACIONAL,2,APARTAMENTOS,1,14,0,14,2907.84,47005262.68,363.375,416.68,87.20720936930017,16165.010000550235
1022,9,SEPTIEMBRE,2025,2,URBANO,1,SISTEMA APORTICADO,1,DISTRITO NACIONAL,6,COMERCIAL Y OFICINAS,0,0,0,0,0.0,0.0,0.0,500.0,0.0,0.0
1023,9,SEPTIEMBRE,2025,2,URBANO,2,SISTEMA DE MUROS,32,SANTO DOMINGO,2,APARTAMENTOS,1,8,0,24,1053.8,14226300.0,263.25,594.99,44.24444108304341,13500.0
1024,9,SEPTIEMBRE,2025,2,URBANO,2,SISTEMA DE MUROS,25,SANTIAGO,2,APARTAMENTOS,1,6,0,10,536.34,8045100.0,255.4,499.97,51.08306498389903,15000.0
1025,9,SEPTIEMBRE,2025,2,URBANO,2,SISTEMA DE MUROS,25,SANTIAGO,1,VIVIENDAS,1,1,0,3,322.37,4787194.5,161.0,391.26,41.149108010018914,14850.0
1026,9,SEPTIEMBRE,2025,2,URBANO,1,SISTEMA APORTICADO,25,SANTIAGO,1,VIVIENDAS,0,0,0,0,0.0,0.0,0.0,357.09,0.0,0.0
1027,9,SEPTIEMBRE,2025,2,URBANO,2,SISTEMA DE MUROS,20,SAMANA,2,APARTAMENTOS,1,6,0,6,775.4,11631000.0,258.0,944.49,27.31632944763841,15000.0
1028,9,SEPTIEMBRE,2025,2,URBANO,2,SISTEMA DE MUROS,6,DUARTE,1,VIVIENDAS,1,1,0,3,341.5,4610250.0,171.0,445.07,38.42092255150875,13500.0
1029,9,SEPTIEMBRE,2025,2,URBANO,1,SISTEMA APORTICADO,11,LA ALTAGRACIA,2,APARTAMENTOS,1,47,0,85,12640.0,218040000.0,2107.0,3128.42,67.35029184060963,17250.0
1030,9,SEPTIEMBRE,2025,2,URBANO,2,SISTEMA DE MUROS,11,LA ALTAGRACIA,2,APARTAMENTOS,0,0,0,0,0.0,0.0,0.0,14076.08,0.0,0.0
1031,9,SEPTIEMBRE,2025,2,URBANO,1,SISTEMA APORTICADO,11,LA ALTAGRACIA,3,COMBINADOS,0,0,0,0,0.0,0.0,0.0,3207.92,0.0,0.0
1032,9,SEPTIEMBRE,2025,2,URBANO,2,SISTEMA DE MUROS,18,PUERTO PLATA,2,APARTAMENTOS,0,0,0,0,0.0,0.0,0.0,8874.49,0.0,0.0
1033,9,SEPTIEMBRE,2025,2,URBANO,1,SISTEMA APORTICADO,1,DISTRITO NACIONAL,2,APARTAMENTOS,1,12,0,32,4188.86,60711753.75,698.0,757.04,92.20120469195817,14493.622071398902
1034,9,SEPTIEMBRE,2025,2,URBANO,2,SISTEMA DE MUROS,23,SAN PEDRO DE MACORIS,2,APARTAMENTOS,0,0,0,0,0.0,0.0,0.0,18532.11,0.0,0.0
1035,9,SEPTIEMBRE,2025,2,URBANO,2,SISTEMA DE MUROS,11,LA ALTAGRACIA,1,VIVIENDAS,1,1,0,5,904.7,12213450.0,452.0,1116.77,40.473866597419345,13500.0
1036,9,SEPTIEMBRE,2025,2,URBANO,4,SISTEMA COMBINADO,11,LA ALTAGRACIA,1,VIVIENDAS,0,0,0,0,0.0,0.0,0.0,1355.83,0.0,0.0
1037,9,SEPTIEMBRE,2025,2,URBANO,1,SISTEMA APORTICADO,1,DISTRITO NACIONAL,2,APARTAMENTOS,0,0,0,3,2634.79,43922792.43,0.0,733.79,0.0,16670.319998937295
1038,9,SEPTIEMBRE,2025,2,URBANO,2,SISTEMA DE MUROS,25,SANTIAGO,2,APARTAMENTOS,1,4,0,12,638.5,9816937.5,159.625,303.3,52.62940982525552,15375.0
1039,9,SEPTIEMBRE,2025,2,URBANO,2,SISTEMA DE MUROS,1,DISTRITO NACIONAL,1,VIVIENDAS,4,4,0,12,1131.08,15269580.0,565.5,1569.35,36.034026826393095,13500.0
1040,9,SEPTIEMBRE,2025,2,URBANO,1,SISTEMA APORTICADO,11,LA ALTAGRACIA,2,APARTAMENTOS,4,568,0,622,36650.0,408171050.0,9162.5,28975.17,31.621902477189956,11137.0
1041,9,SEPTIEMBRE,2025,3,SUB URBANO,2,SISTEMA DE MUROS,12,LA ROMANA,3,COMBINADOS,2,38,37,99,12901.89,198366558.75,4663.19,12831.8,36.340887482660264,15375.0
1042,9,SEPTIEMBRE,2025,2,URBANO,1,SISTEMA APORTICADO,32,SANTO DOMINGO,2,APARTAMENTOS,0,0,0,0,0.0,0.0,0.0,638.25,0.0,0.0
1043,9,SEPTIEMBRE,2025,2,URBANO,2,SISTEMA DE MUROS,13,LA VEGA,2,APARTAMENTOS,2,50,0,130,7540.8,115939800.0,1508.16,4287.76,35.1736104632722,15375.0
1044,9,SEPTIEMBRE,2025,3,SUB URBANO,2,SISTEMA DE MUROS,18,PUERTO PLATA,3,COMBINADOS,27,438,19,1122,58590.0,101677500.0,14647.5,43356.26,33.78404871637913,1735.4070660522273
1045,9,SEPTIEMBRE,2025,2,URBANO,1,SISTEMA APORTICADO,32,SANTO DOMINGO,7,ALMACENES,0,0,0,0,0.0,0.0,0.0,38215.8,0.0,0.0
1046,9,SEPTIEMBRE,2025,2,URBANO,1,SISTEMA APORTICADO,25,SANTIAGO,2,APARTAMENTOS,1,10,0,30,1918.99,35909100.38,319.832,509.55,62.76753998626239,18712.50000260554
1047,9,SEPTIEMBRE,2025,2,URBANO,1,SISTEMA APORTICADO,27,VALVERDE,6,COMERCIAL Y OFICINAS,1,0,0,0,602.2,9033000.0,301.0,2407.66,12.501765199405233,14999.999999999998
1048,9,SEPTIEMBRE,2025,2,URBANO,4,SISTEMA COMBINADO,27,VALVERDE,3,COMBINADOS,1,2,2,6,631.04,8731700.48,315.0,370.39,85.04549258889278,13837.000000000002
1049,9,SEPTIEMBRE,2025,3,SUB URBANO,1,SISTEMA APORTICADO,28,MONSENOR NOUEL,1,VIVIENDAS,1,1,0,3,501.74,6773490.0,251.0,2497.6,10.049647661755285,13500.0
1050,9,SEPTIEMBRE,2025,2,URBANO,2,SISTEMA DE MUROS,9,ESPAILLAT,2,APARTAMENTOS,1,11,0,28,1162.04,17430600.0,387.0,802.12,48.24714506557623,15000.0
1051,9,SEPTIEMBRE,2025,2,URBANO,2,SISTEMA DE MUROS,11,LA ALTAGRACIA,1,VIVIENDAS,1,1,0,8,1838.7,24822450.0,919.0,2689.81,34.1659819838576,13500.0
1052,9,SEPTIEMBRE,2025,2,URBANO,2,SISTEMA DE MUROS,28,MONSENOR NOUEL,1,VIVIENDAS,1,1,0,3,317.8,4588237.5,302.04,447.72,67.46180648619674,14437.5
1053,9,SEPTIEMBRE,2025,2,URBANO,2,SISTEMA DE MUROS,32,SANTO DOMINGO,2,APARTAMENTOS,1,24,0,44,3119.24,41511055.5,780.0,1083.78,71.97032608093895,13308.067189443584
1054,9,SEPTIEMBRE,2025,2,URBANO,2,SISTEMA DE MUROS,28,MONSENOR NOUEL,10,ESTACION DE COMBUSTIBLE,1,0,0,0,1307.62,17652870.0,1307.62,3046.57,42.92105548206671,13500.000000000002
1055,9,SEPTIEMBRE,2025,2,URBANO,2,SISTEMA DE MUROS,11,LA ALTAGRACIA,19,APARTAMENTOS Y VIVIENDAS,1091,2185,0,4625,0.0,0.0,0.0,434962.88,0.0,0.0
1056,9,SEPTIEMBRE,2025,2,URBANO,2,SISTEMA DE MUROS,6,DUARTE,2,APARTAMENTOS,1,4,0,13,710.0,10650000.0,237.0,494.93,47.885559574081185,15000.0
1057,9,SEPTIEMBRE,2025,2,URBANO,2,SISTEMA DE MUROS,6,DUARTE,2,APARTAMENTOS,2,9,0,27,1065.0,15975000.0,266.25,682.41,39.016133995691746,15000.0
1058,9,SEPTIEMBRE,2025,2,URBANO,1,SISTEMA APORTICADO,19,HERMANAS MIRABAL,6,COMERCIAL Y OFICINAS,1,0,13,0,178.0,2670000.0,345.47,345.47,100.0,15000.0
1059,9,SEPTIEMBRE,2025,2,URBANO,2,SISTEMA DE MUROS,6,DUARTE,2,APARTAMENTOS,1,9,0,27,868.2,13023000.0,289.0,629.88,45.88175525496921,15000.0
1060,9,SEPTIEMBRE,2025,2,URBANO,1,SISTEMA APORTICADO,20,SAMANA,1,VIVIENDAS,1,1,0,2,338.0,5019300.0,169.0,967.09,17.47510572955981,14850.0
1061,9,SEPTIEMBRE,2025,2,URBANO,2,SISTEMA DE MUROS,6,DUARTE,2,APARTAMENTOS,1,12,0,33,945.5,14182500.0,315.0,725.57,43.41414336314897,15000.0
1062,9,SEPTIEMBRE,2025,2,URBANO,2,SISTEMA DE MUROS,18,PUERTO PLATA,2,APARTAMENTOS,1,6,0,8,875.16,15096410.0,208.35,689.41,30.221493741024936,17249.885735179854
1063,9,SEPTIEMBRE,2025,2,URBANO,2,SISTEMA DE MUROS,25,SANTIAGO,2,APARTAMENTOS,1,8,0,18,922.21,14177441.25,230.5,568.09,40.57455684838669,15373.332809230002
1064,9,SEPTIEMBRE,2025,2,URBANO,1,SISTEMA APORTICADO,25,SANTIAGO,6,COMERCIAL Y OFICINAS,0,0,0,0,0.0,0.0,0.0,403.81,0.0,0.0
1065,9,SEPTIEMBRE,2025,2,URBANO,4,SISTEMA COMBINADO,25,SANTIAGO,7,ALMACENES,1,0,0,0,2341.81,35202150.0,780.6,6879.25,11.34716720572737,15032.026509409388
1066,9,SEPTIEMBRE,2025,2,URBANO,1,SISTEMA APORTICADO,1,DISTRITO NACIONAL,2,APARTAMENTOS,0,0,0,0,0.0,0.0,0.0,457.12,0.0,0.0
1067,9,SEPTIEMBRE,2025,2,URBANO,1,SISTEMA APORTICADO,1,DISTRITO NACIONAL,6,COMERCIAL Y OFICINAS,0,0,0,0,0.0,0.0,0.0,32415.0,0.0,0.0
1068,9,SEPTIEMBRE,2025,2,URBANO,2,SISTEMA DE MUROS,32,SANTO DOMINGO,2,APARTAMENTOS,0,0,0,0,0.0,0.0,0.0,561.25,0.0,0.0
1069,9,SEPTIEMBRE,2025,2,URBANO,1,SISTEMA APORTICADO,20,SAMANA,6,COMERCIAL Y OFICINAS,4,0,20,0,4784.72,71770800.0,4784.0,122770.38,3.8967053779584293,15000.0
1070,9,SEPTIEMBRE,2025,2,URBANO,2,SISTEMA DE MUROS,32,SANTO DOMINGO,2,APARTAMENTOS,0,0,0,0,0.0,0.0,0.0,1500.0,0.0,0.0
1071,9,SEPTIEMBRE,2025,2,URBANO,1,SISTEMA APORTICADO,1,DISTRITO NACIONAL,2,APARTAMENTOS,0,0,0,0,0.0,0.0,0.0,592.43,0.0,0.0
1072,9,SEPTIEMBRE,2025,2,URBANO,2,SISTEMA DE MUROS,32,SANTO DOMINGO,2,APARTAMENTOS,0,0,0,0,0.0,0.0,0.0,39394.5,0.0,0.0
1073,9,SEPTIEMBRE,2025,2,URBANO,1,SISTEMA APORTICADO,32,SANTO DOMINGO,2,APARTAMENTOS,2,58,0,134,12150.0,148496319.0,2025.0,2304.69,87.86431146922146,12221.919259259259
1074,9,SEPTIEMBRE,2025,2,URBANO,2,SISTEMA DE MUROS,32,SANTO DOMINGO,2,APARTAMENTOS,1,4,0,12,619.25,9036952.5,154.75,302.77,51.11140469663441,14593.38312474768
1075,9,SEPTIEMBRE,2025,2,URBANO,1,SISTEMA APORTICADO,11,LA ALTAGRACIA,1,VIVIENDAS,0,0,0,0,0.0,0.0,0.0,3068.77,0.0,0.0
1076,9,SEPTIEMBRE,2025,2,URBANO,2,SISTEMA DE MUROS,11,LA ALTAGRACIA,2,APARTAMENTOS,1,8,0,8,657.79,9866850.0,328.895,500.0,65.779,15000.0
1077,10,OCTUBRE,2025,2,URBANO,2,SISTEMA DE MUROS,18,PUERTO PLATA,5,HOSPEDAJE,30,146,0,218,14865.0,197223464.0,24266.73,81276.77,29.85690745338428,13267.639690548267
1078,10,OCTUBRE,2025,2,URBANO,2,SISTEMA DE MUROS,11,LA ALTAGRACIA,2,APARTAMENTOS,6,75,0,81,7063.73,105955950.0,1412.6,6072.55,23.262056302541765,15000.000000000002
1079,10,OCTUBRE,2025,2,URBANO,2,SISTEMA DE MUROS,23,SAN PEDRO DE MACORIS,2,APARTAMENTOS,1,7,0,21,1046.44,15696600.0,262.0,499.7,52.4314588753252,15000.0
1080,10,OCTUBRE,2025,2,URBANO,2,SISTEMA DE MUROS,18,PUERTO PLATA,2,APARTAMENTOS,2,166,0,254,17382.7,325274335.13,2483.0,8874.49,27.979072600228292,18712.532295328114
1081,10,OCTUBRE,2025,2,URBANO,1,SISTEMA APORTICADO,32,SANTO DOMINGO,6,COMERCIAL Y OFICINAS,1,0,0,0,359.58,5393700.0,359.58,1498.05,24.003204165415042,15000.0
1082,10,OCTUBRE,2025,3,SUB URBANO,2,SISTEMA DE MUROS,18,PUERTO PLATA,1,VIVIENDAS,1,1,0,3,316.14,4267890.0,158.0,401.47,39.355369018855704,13500.0
1083,10,OCTUBRE,2025,2,URBANO,1,SISTEMA APORTICADO,22,SAN JUAN,2,APARTAMENTOS,1,12,0,33,2620.57,38658801.0,437.0,515.01,84.8527213063824,14752.058140022971
1084,10,OCTUBRE,2025,2,URBANO,2,SISTEMA DE MUROS,21,SAN CRISTOBAL,2,APARTAMENTOS,11,88,0,240,8741.46,118009710.0,2185.25,10079.89,21.679304040024245,13500.000000000002
1085,10,OCTUBRE,2025,2,URBANO,2,SISTEMA DE MUROS,25,SANTIAGO,2,APARTAMENTOS,1,24,0,72,2455.35,36830250.0,613.75,1575.33,38.96009090158887,15000.0
1086,10,OCTUBRE,2025,2,URBANO,1,SISTEMA APORTICADO,32,SANTO DOMINGO,2,APARTAMENTOS,1,43,0,92,9889.0,160288537.5,669.0,669.17,99.97459539429443,16208.771109313378
1087,10,OCTUBRE,2025,2,URBANO,2,SISTEMA DE MUROS,9,ESPAILLAT,2,APARTAMENTOS,0,0,0,0,0.0,0.0,0.0,3514.24,0.0,0.0
1088,10,OCTUBRE,2025,2,URBANO,2,SISTEMA DE MUROS,25,SANTIAGO,2,APARTAMENTOS,0,0,0,0,0.0,0.0,0.0,399.5,0.0,0.0
1089,10,OCTUBRE,2025,2,URBANO,2,SISTEMA DE MUROS,9,ESPAILLAT,2,APARTAMENTOS,1,4,0,12,683.05,10245750.0,342.0,474.88,72.01819407008087,15000.000000000002
1090,10,OCTUBRE,2025,2,URBANO,2,SISTEMA DE MUROS,6,DUARTE,3,COMBINADOS,2,16,0,32,1292.0,17442000.0,323.0,1043.96,30.93988275412851,13500.0
1091,10,OCTUBRE,2025,2,URBANO,2,SISTEMA DE MUROS,6,DUARTE,2,APARTAMENTOS,1,9,0,27,1065.0,15975000.0,355.0,604.51,58.725248548411116,15000.0
1092,10,OCTUBRE,2025,2,URBANO,2,SISTEMA DE MUROS,6,DUARTE,2,APARTAMENTOS,1,6,0,16,679.5,10192500.0,226.0,500.0,45.2,15000.0
1093,10,OCTUBRE,2025,2,URBANO,1,SISTEMA APORTICADO,22,SAN JUAN,2,APARTAMENTOS,1,6,0,18,1165.96,15394671.24,291.4,361.51,80.60634560593067,13203.429997598545
1094,10,OCTUBRE,2025,2,URBANO,1,SISTEMA APORTICADO,24,SANCHEZ RAMIREZ,18,CENTROS DE RECREACION Y DEPORTES,1,0,0,0,982.51,16579856.25,982.51,9082.21,10.817961707557963,16875.0
1095,10,OCTUBRE,2025,2,URBANO,1,SISTEMA APORTICADO,1,DISTRITO NACIONAL,2,APARTAMENTOS,1,134,0,164,34595.94,607567671.01,1647.34,1879.51,87.64731233140553,17561.819999976873
1096,10,OCTUBRE,2025,2,URBANO,2,SISTEMA DE MUROS,21,SAN CRISTOBAL,2,APARTAMENTOS,1,4,0,7,369.04,4923665.25,92.25,188.44,48.95457440033963,13341.819992412746
1097,10,OCTUBRE,2025,2,URBANO,2,SISTEMA DE MUROS,32,SANTO DOMINGO,7,ALMACENES,1,0,0,0,3038.0,50920495.0,3038.0,22652.56,13.411287730834836,16761.189927583935
1098,10,OCTUBRE,2025,2,URBANO,2,SISTEMA DE MUROS,23,SAN PEDRO DE MACORIS,1,VIVIENDAS,1,1,0,3,383.82,5181570.0,191.0,425.82,44.85463341317928,13500.0
1099,10,OCTUBRE,2025,2,URBANO,2,SISTEMA DE MUROS,32,SANTO DOMINGO,2,APARTAMENTOS,0,0,0,0,0.0,0.0,0.0,303.33,0.0,0.0
1100,10,OCTUBRE,2025,2,URBANO,2,SISTEMA DE MUROS,25,SANTIAGO,2,APARTAMENTOS,1,4,0,8,393.94,6056827.5,98.25,200.03,49.11763235514673,15375.0
1101,10,OCTUBRE,2025,2,URBANO,2,SISTEMA DE MUROS,6,DUARTE,2,APARTAMENTOS,1,2,0,6,526.4,7896000.0,263.0,401.25,65.54517133956386,15000.0
1102,10,OCTUBRE,2025,2,URBANO,2,SISTEMA DE MUROS,32,SANTO DOMINGO,1,VIVIENDAS,1,1,0,3,198.0,2338776.0,198.0,310.74,63.71886464568449,11812.0
1103,10,OCTUBRE,2025,2,URBANO,2,SISTEMA DE MUROS,32,SANTO DOMINGO,2,APARTAMENTOS,1,6,0,12,513.21,6928335.0,171.0,342.81,49.88185875557889,13499.999999999998
1104,10,OCTUBRE,2025,2,URBANO,1,SISTEMA APORTICADO,23,SAN PEDRO DE MACORIS,3,COMBINADOS,4,64,22,128,7126.24,109565940.0,1781.56,12643.86,14.090317355617666,15375.0
1105,10,OCTUBRE,2025,2,URBANO,1,SISTEMA APORTICADO,11,LA ALTAGRACIA,3,COMBINADOS,1,160,6,264,7040.0,129624000.0,1408.0,6056.34,23.248364523788297,18412.5
1106,10,OCTUBRE,2025,2,URBANO,4,SISTEMA COMBINADO,1,DISTRITO NACIONAL,6,COMERCIAL Y OFICINAS,0,0,0,0,0.0,0.0,0.0,461.55,0.0,0.0
1107,10,OCTUBRE,2025,2,URBANO,2,SISTEMA DE MUROS,25,SANTIAGO,1,VIVIENDAS,1,1,0,3,361.2,4876200.0,181.0,752.78,24.044209463588302,13500.0
1108,10,OCTUBRE,2025,2,URBANO,1,SISTEMA APORTICADO,25,SANTIAGO,2,APARTAMENTOS,0,0,0,0,0.0,0.0,0.0,834.0,0.0,0.0
1109,10,OCTUBRE,2025,2,URBANO,2,SISTEMA DE MUROS,19,HERMANAS MIRABAL,1,VIVIENDAS,1,1,0,4,204.0,2677500.0,204.0,355.4,57.4001125492403,13125.0
1110,10,OCTUBRE,2025,2,URBANO,1,SISTEMA APORTICADO,1,DISTRITO NACIONAL,2,APARTAMENTOS,1,15,0,30,4327.6,75636672.75,481.0,599.08,80.28977765907725,17477.741184490245
1111,10,OCTUBRE,2025,2,URBANO,1,SISTEMA APORTICADO,1,DISTRITO NACIONAL,6,COMERCIAL Y OFICINAS,1,0,9,0,754.79,10819507.06,189.0,374.0,50.534759358288774,14334.459995495437
1112,10,OCTUBRE,2025,2,URBANO,2,SISTEMA DE MUROS,27,VALVERDE,2,APARTAMENTOS,45,472,0,1224,29039.6,392034600.0,7259.0,95425.0,7.607021220854074,13500.0
1113,10,OCTUBRE,2025,2,URBANO,2,SISTEMA DE MUROS,32,SANTO DOMINGO,2,APARTAMENTOS,1,4,0,13,610.0,8235000.0,122.0,302.58,40.319915394275895,13500.0
1114,10,OCTUBRE,2025,2,URBANO,2,SISTEMA DE MUROS,22,SAN JUAN,19,APARTAMENTOS Y VIVIENDAS,134,465,0,930,0.0,0.0,0.0,55489.21,0.0,0.0
1115,10,OCTUBRE,2025,2,URBANO,1,SISTEMA APORTICADO,25,SANTIAGO,3,COMBINADOS,1,7,4,19,1666.0,25614750.0,417.0,727.04,57.35585387323944,15375.0
1116,10,OCTUBRE,2025,2,URBANO,2,SISTEMA DE MUROS,32,SANTO DOMINGO,2,APARTAMENTOS,1,20,0,56,2078.74,28062990.0,520.0,1249.99,41.60033280266242,13500.000000000002
1117,10,OCTUBRE,2025,2,URBANO,2,SISTEMA DE MUROS,25,SANTIAGO,1,VIVIENDAS,1,1,0,3,306.8,4026750.0,306.8,507.59,60.44248310644418,13125.0
1118,10,OCTUBRE,2025,2,URBANO,2,SISTEMA DE MUROS,25,SANTIAGO,2,APARTAMENTOS,1,4,0,8,433.87,6508050.0,108.0,290.78,37.14148153243002,15000.0
1119,10,OCTUBRE,2025,2,URBANO,2,SISTEMA DE MUROS,6,DUARTE,1,VIVIENDAS,4,4,0,12,986.4,12576600.0,986.4,1200.18,82.18767184922261,12750.0
1120,10,OCTUBRE,2025,2,URBANO,2,SISTEMA DE MUROS,32,SANTO DOMINGO,2,APARTAMENTOS,0,0,0,0,0.0,0.0,0.0,624.98,0.0,0.0
1121,10,OCTUBRE,2025,2,URBANO,2,SISTEMA DE MUROS,25,SANTIAGO,1,VIVIENDAS,1,1,0,3,322.37,4787194.5,161.0,359.82,44.744594519481964,14850.0
1122,10,OCTUBRE,2025,2,URBANO,1,SISTEMA APORTICADO,27,VALVERDE,11,CENTROS DE SALUD,0,0,0,0,0.0,0.0,0.0,40820.62,0.0,0.0
1123,10,OCTUBRE,2025,2,URBANO,1,SISTEMA APORTICADO,14,MARIA TRINIDAD SANCHEZ,3,COMBINADOS,0,0,0,0,0.0,0.0,0.0,371.0,0.0,0.0
1124,10,OCTUBRE,2025,2,URBANO,1,SISTEMA APORTICADO,32,SANTO DOMINGO,14,ESTRUCTURAS ESPECIALES,0,0,0,0,1536.64,23625840.0,1536.64,12134.0,12.663919564859075,15374.999999999998
1125,10,OCTUBRE,2025,2,URBANO,1,SISTEMA APORTICADO,32,SANTO DOMINGO,2,APARTAMENTOS,1,5,0,12,851.54,13092427.5,170.2,349.21,48.7385813693766,15375.0
1126,10,OCTUBRE,2025,2,URBANO,4,SISTEMA COMBINADO,32,SANTO DOMINGO,2,APARTAMENTOS,2,214,0,284,16003.34,254132412.0,1778.15,53413.98,3.3289973898219154,15879.960808181291
1127,10,OCTUBRE,2025,2,URBANO,2,SISTEMA DE MUROS,11,LA ALTAGRACIA,1,VIVIENDAS,1,1,0,5,917.98,12392730.0,459.0,1355.83,33.85380173030542,13500.0
1128,10,OCTUBRE,2025,2,URBANO,2,SISTEMA DE MUROS,11,LA ALTAGRACIA,1,VIVIENDAS,1,1,0,4,765.01,10327635.0,382.0,1731.32,22.06408982741492,13500.0
1129,10,OCTUBRE,2025,2,URBANO,2,SISTEMA DE MUROS,6,DUARTE,2,APARTAMENTOS,1,6,0,18,780.0,11700000.0,260.0,515.71,50.41593143433325,15000.0
1130,10,OCTUBRE,2025,2,URBANO,1,SISTEMA APORTICADO,32,SANTO DOMINGO,2,APARTAMENTOS,0,0,0,0,0.0,0.0,0.0,314.79,0.0,0.0
1131,10,OCTUBRE,2025,2,URBANO,2,SISTEMA DE MUROS,25,SANTIAGO,2,APARTAMENTOS,0,0,0,0,0.0,0.0,0.0,22709.41,0.0,0.0
1132,10,OCTUBRE,2025,2,URBANO,1,SISTEMA APORTICADO,11,LA ALTAGRACIA,2,APARTAMENTOS,1,41,0,68,6942.75,106744781.25,1735.5,4314.57,40.22417065895327,15375.0
1133,10,OCTUBRE,2025,2,URBANO,2,SISTEMA DE MUROS,6,DUARTE,2,APARTAMENTOS,1,6,0,20,922.3,13834500.0,231.0,600.0,38.5,15000.0
1134,10,OCTUBRE,2025,2,URBANO,1,SISTEMA APORTICADO,25,SANTIAGO,2,APARTAMENTOS,0,0,0,0,0.0,0.0,0.0,832.48,0.0,0.0
1135,10,OCTUBRE,2025,2,URBANO,1,SISTEMA APORTICADO,25,SANTIAGO,2,APARTAMENTOS,1,15,0,36,3603.17,67424318.63,450.375,915.37,49.20141582092487,18712.500001387667
1136,10,OCTUBRE,2025,2,URBANO,1,SISTEMA APORTICADO,32,SANTO DOMINGO,2,APARTAMENTOS,1,22,0,54,3345.0,58105995.0,334.5,523.84,63.85537568723274,17371.0
1137,10,OCTUBRE,2025,2,URBANO,1,SISTEMA APORTICADO,32,SANTO DOMINGO,7,ALMACENES,0,0,0,0,0.0,0.0,0.0,20000.0,0.0,0.0
1138,10,OCTUBRE,2025,2,URBANO,2,SISTEMA DE MUROS,11,LA ALTAGRACIA,1,VIVIENDAS,1,1,0,3,2190.64,29573640.0,1095.0,1792.23,61.097069014579596,13500.0
1139,10,OCTUBRE,2025,2,URBANO,2,SISTEMA DE MUROS,25,SANTIAGO,2,APARTAMENTOS,1,30,0,90,4439.4,83072272.5,443.9,1502.72,29.539767887563883,18712.5
1140,10,OCTUBRE,2025,2,URBANO,2,SISTEMA DE MUROS,18,PUERTO PLATA,2,APARTAMENTOS,2,96,0,200,14719.83,253917067.5,3679.75,7323.01,50.24914618442416,17250.0
1141,10,OCTUBRE,2025,2,URBANO,2,SISTEMA DE MUROS,25,SANTIAGO,2,APARTAMENTOS,4,120,0,360,18573.43,347555308.88,1857.3,8207.93,22.628116955188457,18712.5000002692
1142,10,OCTUBRE,2025,2,URBANO,2,SISTEMA DE MUROS,25,SANTIAGO,2,APARTAMENTOS,0,0,0,0,0.0,0.0,0.0,2347.38,0.0,0.0
1143,10,OCTUBRE,2025,2,URBANO,2,SISTEMA DE MUROS,25,SANTIAGO,2,APARTAMENTOS,1,16,0,48,3815.84,71403906.0,424.0,1197.33,35.412125312152874,18712.5
1144,10,OCTUBRE,2025,2,URBANO,1,SISTEMA APORTICADO,21,SAN CRISTOBAL,2,APARTAMENTOS,1,13,0,34,2056.04,30308715.0,342.6,492.73,69.53098045582774,14741.306102994105
1145,10,OCTUBRE,2025,3,SUB URBANO,1,SISTEMA APORTICADO,32,SANTO DOMINGO,14,ESTRUCTURAS ESPECIALES,1,0,0,0,226.96,3744840.0,226.96,186216.25,0.12187980372282226,16500.0
1146,10,OCTUBRE,2025,2,URBANO,1,SISTEMA APORTICADO,25,SANTIAGO,14,ESTRUCTURAS ESPECIALES,1,0,0,0,294.05,4410750.0,294.05,399.0,73.6967418546366,15000.0
1147,10,OCTUBRE,2025,2,URBANO,1,SISTEMA APORTICADO,1,DISTRITO NACIONAL,2,APARTAMENTOS,1,57,0,65,10187.34,166004818.5,783.61,914.67,85.67133501700067,16295.207433932705
1148,10,OCTUBRE,2025,2,URBANO,4,SISTEMA COMBINADO,25,SANTIAGO,2,APARTAMENTOS,0,0,0,0,0.0,0.0,0.0,262.0,0.0,0.0
1149,10,OCTUBRE,2025,2,URBANO,2,SISTEMA DE MUROS,6,DUARTE,2,APARTAMENTOS,2,9,0,27,1648.0,22248000.0,412.0,1199.64,34.34363642426061,13500.0
1150,10,OCTUBRE,2025,2,URBANO,1,SISTEMA APORTICADO,1,DISTRITO NACIONAL,6,COMERCIAL Y OFICINAS,1,0,0,0,1293.74,18457477.5,323.25,500.0,64.64999999999999,14266.75954983227
1151,10,OCTUBRE,2025,2,URBANO,1,SISTEMA APORTICADO,32,SANTO DOMINGO,2,APARTAMENTOS,1,12,0,24,1582.54,20795170.5,396.0,576.96,68.63560732113145,13140.375914668824
1152,10,OCTUBRE,2025,2,URBANO,1,SISTEMA APORTICADO,1,DISTRITO NACIONAL,2,APARTAMENTOS,0,0,0,0,0.0,0.0,0.0,622.66,0.0,0.0
1153,10,OCTUBRE,2025,2,URBANO,1,SISTEMA APORTICADO,25,SANTIAGO,2,APARTAMENTOS,1,8,0,24,1410.7,21160500.0,352.5,600.0,58.75,15000.0
1154,10,OCTUBRE,2025,2,URBANO,2,SISTEMA DE MUROS,25,SANTIAGO,2,APARTAMENTOS,1,4,0,13,669.19,10037850.0,167.25,315.0,53.095238095238095,14999.999999999998
1155,10,OCTUBRE,2025,2,URBANO,2,SISTEMA DE MUROS,32,SANTO DOMINGO,2,APARTAMENTOS,1,12,0,36,1413.59,19083465.0,353.3975,719.39,49.12460556860673,13500.0
1156,10,OCTUBRE,2025,2,URBANO,1,SISTEMA APORTICADO,1,DISTRITO NACIONAL,2,APARTAMENTOS,1,6,0,9,778.0,10157400.0,195.0,395.01,49.36583883952305,13055.784061696659
1157,10,OCTUBRE,2025,2,URBANO,2,SISTEMA DE MUROS,6,DUARTE,2,APARTAMENTOS,2,12,0,36,1763.6,26454000.0,882.0,1718.53,51.32293297178403,15000.0
1158,10,OCTUBRE,2025,2,URBANO,1,SISTEMA APORTICADO,25,SANTIAGO,2,APARTAMENTOS,1,7,0,23,2851.32,53355325.5,285.0,526.32,54.14956680346557,18712.5
1159,10,OCTUBRE,2025,2,URBANO,1,SISTEMA APORTICADO,25,SANTIAGO,6,COMERCIAL Y OFICINAS,1,0,0,0,437.0,6565500.0,146.0,300.0,48.66666666666667,15024.027459954234
1160,10,OCTUBRE,2025,2,URBANO,2,SISTEMA DE MUROS,13,LA VEGA,2,APARTAMENTOS,5,30,0,90,3854.1,57811500.0,1227.0,3623.33,33.863876599702486,15000.0
1161,10,OCTUBRE,2025,2,URBANO,1,SISTEMA APORTICADO,32,SANTO DOMINGO,2,APARTAMENTOS,1,6,0,12,596.0,7844552.0,149.0,279.73,53.26564901869659,13162.0
1162,10,OCTUBRE,2025,2,URBANO,2,SISTEMA DE MUROS,32,SANTO DOMINGO,2,APARTAMENTOS,1,3,0,9,348.22,4631782.5,116.0,223.94,51.799589175672054,13301.3109528459
1163,10,OCTUBRE,2025,2,URBANO,1,SISTEMA APORTICADO,1,DISTRITO NACIONAL,1,VIVIENDAS,0,0,0,0,56.0,756000.0,0.0,315.2,0.0,13500.0
1164,10,OCTUBRE,2025,2,URBANO,1,SISTEMA APORTICADO,1,DISTRITO NACIONAL,2,APARTAMENTOS,1,8,0,16,1062.81,15655471.12,212.4,327.45,64.86486486486487,14730.26328318326
1165,10,OCTUBRE,2025,2,URBANO,1,SISTEMA APORTICADO,1,DISTRITO NACIONAL,6,COMERCIAL Y OFICINAS,0,0,0,0,7450.0,100575000.0,2483.0,3009.25,82.5122538838581,13500.0
1166,10,OCTUBRE,2025,2,URBANO,2,SISTEMA DE MUROS,32,SANTO DOMINGO,2,APARTAMENTOS,10,128,0,352,9940.27,134193645.0,2485.0,7717.39,32.20000544225444,13500.0
1167,10,OCTUBRE,2025,2,URBANO,2,SISTEMA DE MUROS,4,BARAHONA,2,APARTAMENTOS,1,72,0,180,0.0,0.0,0.0,19622.0,0.0,0.0
1168,10,OCTUBRE,2025,2,URBANO,2,SISTEMA DE MUROS,1,DISTRITO NACIONAL,16,OBRAS DE ORDEN SOCIAL,0,0,0,0,29.24,372810.0,0.0,1470.23,0.0,12750.0
1169,10,OCTUBRE,2025,2,URBANO,2,SISTEMA DE MUROS,25,SANTIAGO,2,APARTAMENTOS,1,4,0,12,549.5,8242500.0,137.375,300.97,45.644084127986176,15000.0
1170,10,OCTUBRE,2025,2,URBANO,1,SISTEMA APORTICADO,32,SANTO DOMINGO,2,APARTAMENTOS,1,25,0,45,3971.8,58609362.0,661.8,925.52,71.50574811997579,14756.37292915051
1171,10,OCTUBRE,2025,2,URBANO,2,SISTEMA DE MUROS,11,LA ALTAGRACIA,1,VIVIENDAS,1,1,0,7,1574.51,21255885.0,787.0,2260.25,34.81915717287911,13500.0
1172,10,OCTUBRE,2025,2,URBANO,1,SISTEMA APORTICADO,11,LA ALTAGRACIA,3,COMBINADOS,1,170,20,174,19674.78,302499.5,3279.0,42041.67,7.799404733446602,15.374987674576285
1173,10,OCTUBRE,2025,2,URBANO,2,SISTEMA DE MUROS,11,LA ALTAGRACIA,2,APARTAMENTOS,4,92,0,127,8276.52,127251495.0,2069.13,8039.41,25.73733644633126,15375.0
1174,11,NOVIEMBRE,2025,2,URBANO,2,SISTEMA DE MUROS,11,LA ALTAGRACIA,1,VIVIENDAS,1,1,0,4,607.55,8201925.0,300.0,686.88,43.675751222921036,13500.000000000002
1175,11,NOVIEMBRE,2025,2,URBANO,1,SISTEMA APORTICADO,11,LA ALTAGRACIA,1,VIVIENDAS,2,2,0,4,287.12,3876120.0,143.5,339.19,42.306671776880215,13500.0
1176,11,NOVIEMBRE,2025,2,URBANO,1,SISTEMA APORTICADO,11,LA ALTAGRACIA,6,COMERCIAL Y OFICINAS,2,0,3,0,6461.44,96921600.0,6461.44,40000.0,16.153599999999997,15000.000000000002
1177,11,NOVIEMBRE,2025,2,URBANO,2,SISTEMA DE MUROS,12,LA ROMANA,2,APARTAMENTOS,21,336,0,912,28276.89,381738015.0,7069.0,43202.47,16.362490385387687,13500.0
1178,11,NOVIEMBRE,2025,2,URBANO,2,SISTEMA DE MUROS,1,DISTRITO NACIONAL,6,COMERCIAL Y OFICINAS,1,0,0,0,756.59,11348850.0,378.0,734.0,51.49863760217984,15000.0
1179,11,NOVIEMBRE,2025,2,URBANO,2,SISTEMA DE MUROS,32,SANTO DOMINGO,2,APARTAMENTOS,1,16,0,48,1945.13,26259255.0,486.25,915.19,53.131043826964884,13500.0
1180,11,NOVIEMBRE,2025,2,URBANO,4,SISTEMA COMBINADO,32,SANTO DOMINGO,2,APARTAMENTOS,1,25,0,70,2666.0,35685900.0,533.2,963.21,55.356568141942056,13385.55888972243
1181,11,NOVIEMBRE,2025,2,URBANO,2,SISTEMA DE MUROS,6,DUARTE,2,APARTAMENTOS,0,0,0,1,0.0,0.0,0.0,619.14,0.0,0.0
1182,11,NOVIEMBRE,2025,2,URBANO,2,SISTEMA DE MUROS,1,DISTRITO NACIONAL,2,APARTAMENTOS,1,2,0,2,138.25,1866375.0,70.0,121.52,57.603686635944705,13500.0
1183,11,NOVIEMBRE,2025,2,URBANO,2,SISTEMA DE MUROS,32,SANTO DOMINGO,2,APARTAMENTOS,7,88,0,264,7784.52,105091020.0,1946.13,6227.0,31.253091376264656,13500.0
1184,11,NOVIEMBRE,2025,2,URBANO,2,SISTEMA DE MUROS,32,SANTO DOMINGO,2,APARTAMENTOS,99,1040,0,3120,161920.0,2185920000.0,6369.84,27606.01,23.074105964606982,13500.0
1185,11,NOVIEMBRE,2025,2,URBANO,2,SISTEMA DE MUROS,25,SANTIAGO,2,APARTAMENTOS,1,4,0,12,739.0,11362125.0,184.0,449.14,40.96718172507459,15375.0
1186,11,NOVIEMBRE,2025,2,URBANO,2,SISTEMA DE MUROS,25,SANTIAGO,1,VIVIENDAS,1,1,0,4,709.65,9580275.0,354.5,928.32,38.18726301275422,13500.0
1187,11,NOVIEMBRE,2025,2,URBANO,4,SISTEMA COMBINADO,11,LA ALTAGRACIA,1,VIVIENDAS,1,1,0,4,1274.16,17201160.0,637.0,2031.49,31.356295133128885,13500.0
1188,11,NOVIEMBRE,2025,2,URBANO,2,SISTEMA DE MUROS,23,SAN PEDRO DE MACORIS,1,VIVIENDAS,14,28,0,56,5036.62,84985875.0,2518.0,8333.5,30.21539569208616,16873.592806286757
1189,11,NOVIEMBRE,2025,2,URBANO,2,SISTEMA DE MUROS,4,BARAHONA,2,APARTAMENTOS,1,12,0,20,1437.63,19408005.0,359.25,704.51,50.992888674397804,13499.999999999998
1190,11,NOVIEMBRE,2025,2,URBANO,1,SISTEMA APORTICADO,1,DISTRITO NACIONAL,2,APARTAMENTOS,1,8,0,16,1161.99,17253221.25,232.2,332.17,69.9039648372821,14847.994604084372
1191,11,NOVIEMBRE,2025,2,URBANO,2,SISTEMA DE MUROS,25,SANTIAGO,2,APARTAMENTOS,1,6,0,18,1145.64,20621520.0,191.0,498.82,38.29036526201837,18000.0
1192,11,NOVIEMBRE,2025,2,URBANO,2,SISTEMA DE MUROS,32,SANTO DOMINGO,2,APARTAMENTOS,0,0,0,0,0.0,0.0,0.0,222.7,0.0,0.0
1193,11,NOVIEMBRE,2025,2,URBANO,1,SISTEMA APORTICADO,11,LA ALTAGRACIA,6,COMERCIAL Y OFICINAS,4,0,27,112,15063.25,231597468.75,3765.75,16332.44,23.056873314703743,15375.0
1194,11,NOVIEMBRE,2025,2,URBANO,2,SISTEMA DE MUROS,23,SAN PEDRO DE MACORIS,1,VIVIENDAS,1,1,0,3,370.24,4998240.0,185.0,502.33,36.82837975036331,13500.0
1195,11,NOVIEMBRE,2025,2,URBANO,2,SISTEMA DE MUROS,11,LA ALTAGRACIA,1,VIVIENDAS,1,1,0,7,1574.51,21255885.0,787.0,3068.77,25.645454041847387,13500.0
1196,11,NOVIEMBRE,2025,2,URBANO,2,SISTEMA DE MUROS,6,DUARTE,1,VIVIENDAS,1,1,0,4,390.7,5274450.0,195.0,415.0,46.98795180722892,13500.0
1197,11,NOVIEMBRE,2025,2,URBANO,1,SISTEMA APORTICADO,11,LA ALTAGRACIA,2,APARTAMENTOS,1,69,0,106,14372.31,268941850.88,2395.0,4434.13,54.012850322385674,18712.500000347893
1198,11,NOVIEMBRE,2025,2,URBANO,1,SISTEMA APORTICADO,1,DISTRITO NACIONAL,1,VIVIENDAS,2,4,0,8,1163.92,15712920.0,581.5,1077.0,53.99257195914578,13500.0
1199,11,NOVIEMBRE,2025,3,SUB URBANO,1,SISTEMA APORTICADO,15,MONTE CRISTI,8,COLEGIOS Y CENTROS EDUCATIVOS,1,0,0,0,1524.9,28591875.0,762.0,2282.82,33.37976713012852,18750.0
1200,11,NOVIEMBRE,2025,2,URBANO,2,SISTEMA DE MUROS,25,SANTIAGO,1,VIVIENDAS,1,1,0,4,576.26,8557461.0,288.0,750.13,38.39334515350672,14850.0
1201,11,NOVIEMBRE,2025,2,URBANO,1,SISTEMA APORTICADO,25,SANTIAGO,2,APARTAMENTOS,1,63,0,110,10637.07,210955246.61,625.7,1093.55,57.217319738466465,19832.082200267556
1202,11,NOVIEMBRE,2025,2,URBANO,1,SISTEMA APORTICADO,32,SANTO DOMINGO,6,COMERCIAL Y OFICINAS,1,0,0,0,1032.38,15872842.5,1032.38,15097.24,6.838203539189945,15374.999999999998
1203,11,NOVIEMBRE,2025,2,URBANO,2,SISTEMA DE MUROS,11,LA ALTAGRACIA,2,APARTAMENTOS,66,720,0,1776,79464.83,1072775205.0,19911.5,154969.69,12.848641563392171,13500.0
1204,11,NOVIEMBRE,2025,2,URBANO,2,SISTEMA DE MUROS,6,DUARTE,2,APARTAMENTOS,1,6,0,18,626.0,9390000.0,209.0,400.15,52.23041359490191,15000.0
1205,11,NOVIEMBRE,2025,2,URBANO,2,SISTEMA DE MUROS,6,DUARTE,2,APARTAMENTOS,1,3,0,9,315.0,4725000.0,105.0,200.0,52.5,15000.0
1206,11,NOVIEMBRE,2025,2,URBANO,2,SISTEMA DE MUROS,6,DUARTE,3,COMBINADOS,1,20,1,36,180.7,26766450.0,60.0,940.97,6.3763988224916845,148126.45268400665
1207,11,NOVIEMBRE,2025,2,URBANO,1,SISTEMA APORTICADO,23,SAN PEDRO DE MACORIS,2,APARTAMENTOS,1,6,0,6,586.59,8798850.0,195.0,664.18,29.35951097594026,15000.0
1208,11,NOVIEMBRE,2025,2,URBANO,4,SISTEMA COMBINADO,1,DISTRITO NACIONAL,2,APARTAMENTOS,0,0,0,0,996.0,18756672.0,0.0,903.17,0.0,18832.0
1209,11,NOVIEMBRE,2025,2,URBANO,2,SISTEMA DE MUROS,25,SANTIAGO,1,VIVIENDAS,1,1,0,3,322.37,4787164.5,161.0,358.75,44.87804878048781,14849.906939231318
1210,11,NOVIEMBRE,2025,2,URBANO,2,SISTEMA DE MUROS,32,SANTO DOMINGO,2,APARTAMENTOS,3,20,0,52,1794.12,26911800.0,448.5,1620.88,27.670154483984007,15000.000000000002
1211,11,NOVIEMBRE,2025,3,SUB URBANO,2,SISTEMA DE MUROS,25,SANTIAGO,1,VIVIENDAS,3,3,0,9,835.5,12532500.0,417.5,2142.68,19.484944088711334,15000.0
1212,11,NOVIEMBRE,2025,2,URBANO,2,SISTEMA DE MUROS,9,ESPAILLAT,2,APARTAMENTOS,1,4,0,12,579.21,8688150.0,145.0,354.4,40.91422121896163,14999.999999999998
1213,11,NOVIEMBRE,2025,2,URBANO,2,SISTEMA DE MUROS,11,LA ALTAGRACIA,1,VIVIENDAS,1,1,0,6,1546.45,20877075.0,773.0,1688.33,45.78488802544526,13500.0
1214,11,NOVIEMBRE,2025,2,URBANO,2,SISTEMA DE MUROS,11,LA ALTAGRACIA,1,VIVIENDAS,3,6,0,18,1748.58,20982960.0,874.0,1914.01,45.66329329522834,12000.0
1215,11,NOVIEMBRE,2025,2,URBANO,1,SISTEMA APORTICADO,1,DISTRITO NACIONAL,1,VIVIENDAS,2,2,0,6,362.0,4887000.0,181.0,570.27,31.7393515352377,13500.0
1216,11,NOVIEMBRE,2025,2,URBANO,1,SISTEMA APORTICADO,1,DISTRITO NACIONAL,3,COMBINADOS,1,124,1,192,35712.16,610224049.13,1984.0,2364.65,83.90248028249422,17087.29041116527
1217,11,NOVIEMBRE,2025,2,URBANO,1,SISTEMA APORTICADO,1,DISTRITO NACIONAL,6,COMERCIAL Y OFICINAS,1,0,2,0,599.25,8988750.0,299.625,604.46,49.56903682625814,15000.0
1218,11,NOVIEMBRE,2025,2,URBANO,2,SISTEMA DE MUROS,13,LA VEGA,2,APARTAMENTOS,1,18,0,54,2864.0,49405207.5,436.12,1420.6,30.69970435027453,17250.421613128492
1219,11,NOVIEMBRE,2025,2,URBANO,2,SISTEMA DE MUROS,13,LA VEGA,2,APARTAMENTOS,2,16,0,48,1718.37,28997493.77,405.0,1051.51,38.51603883938336,16875.00001163894
1220,11,NOVIEMBRE,2025,2,URBANO,1,SISTEMA APORTICADO,25,SANTIAGO,1,VIVIENDAS,1,1,0,4,645.77,9589684.5,322.5,760.99,42.37900629443225,14850.0
1221,11,NOVIEMBRE,2025,3,SUB URBANO,2,SISTEMA DE MUROS,25,SANTIAGO,2,APARTAMENTOS,8,80,0,208,7396.12,99847620.0,1849.0,7342.44,25.182364445606638,13500.0
1222,11,NOVIEMBRE,2025,3,SUB URBANO,1,SISTEMA APORTICADO,32,SANTO DOMINGO,14,ESTRUCTURAS ESPECIALES,1,0,0,0,605.7,8994645.0,605.0,2567421.94,0.023564494428212294,14849.999999999998
1223,11,NOVIEMBRE,2025,2,URBANO,1,SISTEMA APORTICADO,12,LA ROMANA,6,COMERCIAL Y OFICINAS,1,0,3,0,1689.12,25336800.0,844.56,1718.18,49.15433772945791,15000.000000000002
1224,11,NOVIEMBRE,2025,2,URBANO,2,SISTEMA DE MUROS,23,SAN PEDRO DE MACORIS,1,VIVIENDAS,1,1,0,3,367.86,4966110.0,367.86,447.14,82.26953526859597,13500.0
1225,11,NOVIEMBRE,2025,2,URBANO,2,SISTEMA DE MUROS,11,LA ALTAGRACIA,1,VIVIENDAS,1,1,0,4,543.45,7336575.0,272.0,694.54,39.16261122469548,13499.999999999998
1226,11,NOVIEMBRE,2025,2,URBANO,2,SISTEMA DE MUROS,11,LA ALTAGRACIA,1,VIVIENDAS,1,1,0,4,868.57,11725695.0,434.0,1384.13,31.355436266824643,13500.0
1227,11,NOVIEMBRE,2025,2,URBANO,4,SISTEMA COMBINADO,1,DISTRITO NACIONAL,1,VIVIENDAS,1,1,0,3,3354.98,45292230.0,134.16,2806.53,4.780280274930251,13500.0
1228,11,NOVIEMBRE,2025,2,URBANO,4,SISTEMA COMBINADO,11,LA ALTAGRACIA,3,COMBINADOS,4,88,19,88,12755.0,211404750.0,1822.0,5091.0,35.78864663131016,16574.264994119952
1229,11,NOVIEMBRE,2025,2,URBANO,4,SISTEMA COMBINADO,21,SAN CRISTOBAL,16,OBRAS DE ORDEN SOCIAL,0,0,0,0,389.42,4965105.0,389.42,1291.24,30.15860723025929,12750.0
1230,11,NOVIEMBRE,2025,2,URBANO,2,SISTEMA DE MUROS,32,SANTO DOMINGO,2,APARTAMENTOS,0,0,0,0,0.0,0.0,0.0,242.66,0.0,0.0
1231,11,NOVIEMBRE,2025,2,URBANO,1,SISTEMA APORTICADO,25,SANTIAGO,6,COMERCIAL Y OFICINAS,1,0,6,0,1345.36,20180400.0,336.25,571.81,58.804497997586616,15000.000000000002
1232,11,NOVIEMBRE,2025,2,URBANO,1,SISTEMA APORTICADO,18,PUERTO PLATA,2,APARTAMENTOS,0,0,0,0,0.0,0.0,0.0,10016.0,0.0,0.0
1233,11,NOVIEMBRE,2025,2,URBANO,4,SISTEMA COMBINADO,25,SANTIAGO,1,VIVIENDAS,0,0,0,0,1307.83,24521812.5,1307.83,12990.23,10.067797105978878,18750.0
1234,11,NOVIEMBRE,2025,2,URBANO,1,SISTEMA APORTICADO,11,LA ALTAGRACIA,11,CENTROS DE SALUD,0,0,0,0,0.0,0.0,0.0,22097.93,0.0,0.0
1235,11,NOVIEMBRE,2025,2,URBANO,1,SISTEMA APORTICADO,11,LA ALTAGRACIA,1,VIVIENDAS,1,1,0,6,1240.69,16749315.0,620.0,1910.78,32.44748218005213,13500.0
1236,11,NOVIEMBRE,2025,2,URBANO,2,SISTEMA DE MUROS,11,LA ALTAGRACIA,1,VIVIENDAS,1,1,0,5,1282.71,17316585.0,641.0,2944.12,21.772210371859842,13500.0
1237,11,NOVIEMBRE,2025,2,URBANO,2,SISTEMA DE MUROS,23,SAN PEDRO DE MACORIS,2,APARTAMENTOS,1,14,0,23,2273.66,34957522.5,379.0,497.99,76.10594590252816,15375.000000000002
1238,11,NOVIEMBRE,2025,2,URBANO,2,SISTEMA DE MUROS,11,LA ALTAGRACIA,1,VIVIENDAS,1,1,0,5,1386.57,18718695.0,693.0,1323.03,52.3797646311875,13500.0
1239,11,NOVIEMBRE,2025,2,URBANO,2,SISTEMA DE MUROS,11,LA ALTAGRACIA,2,APARTAMENTOS,1,6,0,6,434.06,5208720.0,217.0,600.06,36.1630503616305,12000.0
1240,11,NOVIEMBRE,2025,2,URBANO,2,SISTEMA DE MUROS,11,LA ALTAGRACIA,5,HOSPEDAJE,5,600,0,2284,130348.5,2360937206.25,21725.0,862072.43,2.5200898722628216,18112.5
1241,11,NOVIEMBRE,2025,2,URBANO,1,SISTEMA APORTICADO,32,SANTO DOMINGO,2,APARTAMENTOS,4,32,0,80,3028.38,40883130.0,757.0,2582.51,29.312568005544993,13500.0
1242,11,NOVIEMBRE,2025,2,URBANO,1,SISTEMA APORTICADO,1,DISTRITO NACIONAL,1,VIVIENDAS,0,0,0,0,0.0,0.0,0.0,1485.86,0.0,0.0
1243,11,NOVIEMBRE,2025,2,URBANO,1,SISTEMA APORTICADO,32,SANTO DOMINGO,10,ESTACION DE COMBUSTIBLE,1,0,0,0,774.54,12199005.0,774.54,9997.68,7.747197349785149,15750.0
1244,11,NOVIEMBRE,2025,2,URBANO,4,SISTEMA COMBINADO,21,SAN CRISTOBAL,10,ESTACION DE COMBUSTIBLE,0,0,0,0,0.0,0.0,0.0,5210.05,0.0,0.0
1245,11,NOVIEMBRE,2025,2,URBANO,1,SISTEMA APORTICADO,32,SANTO DOMINGO,2,APARTAMENTOS,3,22,0,57,3330.46,51205822.5,666.092,1527.55,43.605250237308105,15375.0
1246,11,NOVIEMBRE,2025,2,URBANO,1,SISTEMA APORTICADO,1,DISTRITO NACIONAL,6,COMERCIAL Y OFICINAS,1,0,0,0,30639.79,485796934.43,3063.9,5715.5,53.606858542559706,15855.100000032637
1247,11,NOVIEMBRE,2025,2,URBANO,1,SISTEMA APORTICADO,32,SANTO DOMINGO,2,APARTAMENTOS,0,0,0,0,0.0,0.0,0.0,765.71,0.0,0.0
1248,11,NOVIEMBRE,2025,2,URBANO,2,SISTEMA DE MUROS,9,ESPAILLAT,2,APARTAMENTOS,3,42,0,112,5761.5,107812068.75,823.0,2619.61,31.416890300464573,18712.5
1249,11,NOVIEMBRE,2025,2,URBANO,2,SISTEMA DE MUROS,25,SANTIAGO,1,VIVIENDAS,1,1,0,3,250.0,3377700.0,175.0,301.15,58.11057612485473,13510.8
1250,11,NOVIEMBRE,2025,2,URBANO,2,SISTEMA DE MUROS,25,SANTIAGO,2,APARTAMENTOS,0,0,0,0,0.0,0.0,0.0,13175.91,0.0,0.0
1251,11,NOVIEMBRE,2025,2,URBANO,2,SISTEMA DE MUROS,25,SANTIAGO,2,APARTAMENTOS,1,4,0,12,606.45,9324168.75,152.0,289.98,52.41740809711014,15374.999999999998
1252,11,NOVIEMBRE,2025,2,URBANO,1,SISTEMA APORTICADO,25,SANTIAGO,2,APARTAMENTOS,2,31,0,95,10940.72,204728223.0,842.0,1830.17,46.00665511946978,18712.5
1253,11,NOVIEMBRE,2025,2,URBANO,4,SISTEMA COMBINADO,25,SANTIAGO,3,COMBINADOS,0,0,0,0,0.0,0.0,0.0,549.06,0.0,0.0
1254,11,NOVIEMBRE,2025,2,URBANO,1,SISTEMA APORTICADO,11,LA ALTAGRACIA,1,VIVIENDAS,1,1,0,6,978.46,13209210.0,489.0,1852.05,26.40317486028995,13500.0
1255,12,DICIEMBRE,2025,2,URBANO,2,SISTEMA DE MUROS,6,DUARTE,2,APARTAMENTOS,1,4,0,12,531.0,7965000.0,265.5,527.17,50.36326042832483,15000.0
1256,12,DICIEMBRE,2025,2,URBANO,2,SISTEMA DE MUROS,21,SAN CRISTOBAL,2,APARTAMENTOS,29,416,0,832,17940.92,242202420.0,8970.0,849613.42,1.055774283791327,13500.000000000002
1257,12,DICIEMBRE,2025,2,URBANO,2,SISTEMA DE MUROS,11,LA ALTAGRACIA,1,VIVIENDAS,20,20,0,43,5333.04,63996480.0,2666.0,5315.45,50.15567825866108,12000.0
1258,12,DICIEMBRE,2025,2,URBANO,1,SISTEMA APORTICADO,11,LA ALTAGRACIA,2,APARTAMENTOS,4,48,0,114,10898.94,163484100.0,2724.5,9886.27,27.558421932639916,15000.0
1259,12,DICIEMBRE,2025,3,SUB URBANO,2,SISTEMA DE MUROS,23,SAN PEDRO DE MACORIS,2,APARTAMENTOS,4,72,0,96,4668.68,78783975.0,1556.0,9999.2,15.561244899591967,16875.0
1260,12,DICIEMBRE,2025,2,URBANO,1,SISTEMA APORTICADO,11,LA ALTAGRACIA,1,VIVIENDAS,1,1,0,3,436.67,5895045.0,218.0,499.09,43.67949668396482,13500.0
1261,12,DICIEMBRE,2025,2,URBANO,2,SISTEMA DE MUROS,25,SANTIAGO,1,VIVIENDAS,1,1,0,4,407.8,5505300.0,200.0,525.46,38.06188863091386,13500.0
1262,12,DICIEMBRE,2025,2,URBANO,2,SISTEMA DE MUROS,32,SANTO DOMINGO,2,APARTAMENTOS,2,16,0,48,1158.26,17373900.0,289.565,1059.19,27.338343451127745,15000.0
1263,12,DICIEMBRE,2025,2,URBANO,4,SISTEMA COMBINADO,32,SANTO DOMINGO,3,COMBINADOS,4,295,18,486,85252.0,1494723316.0,7750.18,27065.93,28.634449287351295,17533.0
1264,12,DICIEMBRE,2025,2,URBANO,2,SISTEMA DE MUROS,11,LA ALTAGRACIA,2,APARTAMENTOS,2,9,0,9,734.71,11020650.0,244.0,1003.38,24.31780581634077,15000.0
1265,12,DICIEMBRE,2025,2,URBANO,2,SISTEMA DE MUROS,25,SANTIAGO,2,APARTAMENTOS,2,13,0,37,1438.0,21573000.0,359.5,752.28,47.78805763811347,15002.086230876217
1266,12,DICIEMBRE,2025,2,URBANO,1,SISTEMA APORTICADO,1,DISTRITO NACIONAL,2,APARTAMENTOS,1,9,0,15,1399.7,18339871.5,349.75,527.87,66.25684354102336,13102.715939129814
1267,12,DICIEMBRE,2025,3,SUB URBANO,2,SISTEMA DE MUROS,32,SANTO DOMINGO,2,APARTAMENTOS,0,0,0,0,0.0,0.0,0.0,68645.72,0.0,0.0
1268,12,DICIEMBRE,2025,2,URBANO,1,SISTEMA APORTICADO,32,SANTO DOMINGO,2,APARTAMENTOS,1,3,0,12,853.09,12542310.0,173.0,280.24,61.732800456751356,14702.2119588789
1269,12,DICIEMBRE,2025,2,URBANO,2,SISTEMA DE MUROS,32,SANTO DOMINGO,2,APARTAMENTOS,1,3,0,9,363.55,4907925.0,121.18,241.32,50.21548151831593,13500.0
1270,12,DICIEMBRE,2025,2,URBANO,4,SISTEMA COMBINADO,1,DISTRITO NACIONAL,2,APARTAMENTOS,1,120,0,184,27693.52,472752562.5,1065.0,1488.18,71.56392371890496,17070.872987615876
1271,12,DICIEMBRE,2025,2,URBANO,1,SISTEMA APORTICADO,22,SAN JUAN,2,APARTAMENTOS,1,9,0,27,1337.0,19540500.0,315.0,423.18,74.4364100382816,14615.183246073299
1272,12,DICIEMBRE,2025,2,URBANO,1,SISTEMA APORTICADO,1,DISTRITO NACIONAL,2,APARTAMENTOS,1,8,0,8,2095.76,31613235.0,324.0,328.56,98.61212563915267,15084.37750505783
1273,12,DICIEMBRE,2025,2,URBANO,2,SISTEMA DE MUROS,32,SANTO DOMINGO,2,APARTAMENTOS,1,4,0,12,440.89,5952015.0,110.0,383.7,28.66823038832421,13500.0
1274,12,DICIEMBRE,2025,2,URBANO,2,SISTEMA DE MUROS,18,PUERTO PLATA,2,APARTAMENTOS,1,32,0,96,4204.32,63064800.0,1051.0,3588.4,29.28881952959536,15000.000000000002
1275,12,DICIEMBRE,2025,2,URBANO,2,SISTEMA DE MUROS,11,LA ALTAGRACIA,1,VIVIENDAS,4,1,0,6,1261.75,18736987.5,630.5,4771.46,13.213984818064073,14850.0
1276,12,DICIEMBRE,2025,3,SUB URBANO,4,SISTEMA COMBINADO,32,SANTO DOMINGO,2,APARTAMENTOS,0,0,0,0,33.0,445500.0,0.0,446.91,0.0,13500.0
1277,12,DICIEMBRE,2025,2,URBANO,1,SISTEMA APORTICADO,1,DISTRITO NACIONAL,6,COMERCIAL Y OFICINAS,1,0,0,0,1302.55,19160535.0,260.0,458.13,56.75245017789711,14710.018809258761
1278,12,DICIEMBRE,2025,2,URBANO,1,SISTEMA APORTICADO,2,AZUA,2,APARTAMENTOS,1,12,0,36,2470.42,44110057.18,308.75,661.62,46.66575980169886,17855.286623327207
1279,12,DICIEMBRE,2025,2,URBANO,2,SISTEMA DE MUROS,25,SANTIAGO,2,APARTAMENTOS,1,4,0,12,677.32,10413795.0,169.25,365.15,46.3508147336711,15374.999999999998
1280,12,DICIEMBRE,2025,2,URBANO,2,SISTEMA DE MUROS,32,SANTO DOMINGO,2,APARTAMENTOS,1,30,0,90,2863.22,44022007.5,477.0,1500.0,31.8,15375.000000000002
1281,12,DICIEMBRE,2025,2,URBANO,1,SISTEMA APORTICADO,32,SANTO DOMINGO,2,APARTAMENTOS,1,18,0,26,2884.66,47694330.0,486.0,486.69,99.85822597546694,16533.778677556456
1282,12,DICIEMBRE,2025,2,URBANO,1,SISTEMA APORTICADO,32,SANTO DOMINGO,2,APARTAMENTOS,1,73,0,207,26369.77,506474903.42,868.0,900.53,96.38768280901247,19206.648500157567
1283,12,DICIEMBRE,2025,2,URBANO,2,SISTEMA DE MUROS,1,DISTRITO NACIONAL,1,VIVIENDAS,1,1,0,4,575.0,7762500.0,287.5,494.71,58.114855167673994,13500.0
1284,12,DICIEMBRE,2025,2,URBANO,1,SISTEMA APORTICADO,32,SANTO DOMINGO,14,ESTRUCTURAS ESPECIALES,1,0,0,0,2442.0,32967000.0,2442.0,22552.56,10.82803903414956,13500.0
1285,12,DICIEMBRE,2025,2,URBANO,2,SISTEMA DE MUROS,25,SANTIAGO,6,COMERCIAL Y OFICINAS,1,0,3,0,969.8,14547000.0,242.25,350.0,69.21428571428572,15000.0
1286,12,DICIEMBRE,2025,2,URBANO,1,SISTEMA APORTICADO,25,SANTIAGO,1,VIVIENDAS,1,1,0,4,418.45,5649075.0,209.0,633.14,33.01007676027419,13500.0
1287,12,DICIEMBRE,2025,2,URBANO,2,SISTEMA DE MUROS,25,SANTIAGO,2,APARTAMENTOS,1,65,0,188,10243.9,157499962.5,1707.0,4634.48,36.83261120988763,15375.0
1288,12,DICIEMBRE,2025,2,URBANO,1,SISTEMA APORTICADO,11,LA ALTAGRACIA,6,COMERCIAL Y OFICINAS,1,0,3,0,500.16,7502400.0,250.0,2066.99,12.094881929762604,15000.0
1289,12,DICIEMBRE,2025,2,URBANO,2,SISTEMA DE MUROS,11,LA ALTAGRACIA,2,APARTAMENTOS,2,18,0,36,2459.82,37437300.0,1229.0,1989.7,61.76810574458461,15219.52825816523
1290,12,DICIEMBRE,2025,2,URBANO,1,SISTEMA APORTICADO,32,SANTO DOMINGO,6,COMERCIAL Y OFICINAS,1,0,0,0,4882.95,65919825.0,4882.95,6939.17,70.36792584703933,13500.0
1291,12,DICIEMBRE,2025,2,URBANO,2,SISTEMA DE MUROS,21,SAN CRISTOBAL,2,APARTAMENTOS,1,6,0,16,752.42,10033227.26,250.6,315.77,79.36156062957215,13334.610005050372
1292,12,DICIEMBRE,2025,2,URBANO,4,SISTEMA COMBINADO,1,DISTRITO NACIONAL,1,VIVIENDAS,1,1,0,3,363.0,4900500.0,181.5,459.66,39.48570682678501,13500.0
1293,12,DICIEMBRE,2025,2,URBANO,2,SISTEMA DE MUROS,25,SANTIAGO,2,APARTAMENTOS,7,112,0,328,10659.02,143896770.0,2664.75,27132.14,9.821377893524064,13500.0
1294,12,DICIEMBRE,2025,2,URBANO,2,SISTEMA DE MUROS,25,SANTIAGO,1,VIVIENDAS,1,1,0,3,245.6,3315600.0,245.6,392.44,62.58281520742024,13500.0
1295,12,DICIEMBRE,2025,2,URBANO,1,SISTEMA APORTICADO,11,LA ALTAGRACIA,6,COMERCIAL Y OFICINAS,1,0,10,0,1539.6,23085150.0,513.0,3315.85,15.471146161617686,14994.251753702261
1296,12,DICIEMBRE,2025,2,URBANO,2,SISTEMA DE MUROS,11,LA ALTAGRACIA,1,VIVIENDAS,1,1,0,5,969.61,13089735.0,484.0,2058.12,23.516607389267875,13500.0
1297,12,DICIEMBRE,2025,2,URBANO,1,SISTEMA APORTICADO,1,DISTRITO NACIONAL,2,APARTAMENTOS,1,26,0,26,2493.0,37449846.0,356.0,579.62,61.419550740140096,15022.0
1298,12,DICIEMBRE,2025,2,URBANO,1,SISTEMA APORTICADO,32,SANTO DOMINGO,2,APARTAMENTOS,1,64,0,127,14069.92,244049107.5,800.0,800.0,100.0,17345.450969159738
1299,12,DICIEMBRE,2025,2,URBANO,2,SISTEMA DE MUROS,1,DISTRITO NACIONAL,1,VIVIENDAS,0,0,0,0,0.0,0.0,0.0,711.8,0.0,0.0
1300,12,DICIEMBRE,2025,2,URBANO,2,SISTEMA DE MUROS,32,SANTO DOMINGO,2,APARTAMENTOS,1,6,0,18,912.0,13467300.0,172.0,409.99,41.95224273762775,14766.776315789473
1301,12,DICIEMBRE,2025,2,URBANO,1,SISTEMA APORTICADO,11,LA ALTAGRACIA,2,APARTAMENTOS,1,50,0,82,11592.0,178227000.0,1932.0,145147.5,1.3310597840128147,15375.0
1302,12,DICIEMBRE,2025,2,URBANO,2,SISTEMA DE MUROS,1,DISTRITO NACIONAL,2,APARTAMENTOS,1,6,0,18,983.27,14327460.0,281.06,454.05,61.90067173218809,14571.236791522166
1303,12,DICIEMBRE,2025,2,URBANO,2,SISTEMA DE MUROS,17,PERAVIA,2,APARTAMENTOS,1,4,0,12,575.0,7762500.0,143.75,297.19,48.369729802483256,13500.0
1304,12,DICIEMBRE,2025,2,URBANO,1,SISTEMA APORTICADO,1,DISTRITO NACIONAL,2,APARTAMENTOS,1,30,0,60,7053.74,122595764.64,542.0,751.61,72.11186652652306,17380.250000708846
1305,12,DICIEMBRE,2025,2,URBANO,2,SISTEMA DE MUROS,32,SANTO DOMINGO,2,APARTAMENTOS,15,480,0,960,72015.23,1347584991.38,8000.0,44817.19,17.850293603860482,18712.50000006943
1306,12,DICIEMBRE,2025,2,URBANO,1,SISTEMA APORTICADO,1,DISTRITO NACIONAL,2,APARTAMENTOS,1,14,0,14,2651.0,44639025.0,294.0,467.41,62.89980958901179,16838.56092040739
1307,12,DICIEMBRE,2025,2,URBANO,1,SISTEMA APORTICADO,1,DISTRITO NACIONAL,2,APARTAMENTOS,1,14,0,42,6570.93,107682566.63,730.0,1000.0,73.0,16387.720859908717
1308,12,DICIEMBRE,2025,2,URBANO,2,SISTEMA DE MUROS,32,SANTO DOMINGO,3,COMBINADOS,76,352,16,1056,21697.0,293295028.0,10848.5,818541.53,1.3253450927529602,13517.7687237867
1309,12,DICIEMBRE,2025,2,URBANO,2,SISTEMA DE MUROS,25,SANTIAGO,1,VIVIENDAS,1,1,0,3,301.72,448542.0,150.0,232.39,64.54666724041482,1486.6167307437358
1310,12,DICIEMBRE,2025,2,URBANO,2,SISTEMA DE MUROS,13,LA VEGA,1,VIVIENDAS,1,1,0,4,383.0,5170500.0,191.0,4622.0,4.132410212029425,13500.0
1311,12,DICIEMBRE,2025,2,URBANO,1,SISTEMA APORTICADO,11,LA ALTAGRACIA,2,APARTAMENTOS,1,46,0,66,8350.35,125255250.0,2783.0,3775.01,73.72165901547281,15000.0
1312,12,DICIEMBRE,2025,2,URBANO,2,SISTEMA DE MUROS,23,SAN PEDRO DE MACORIS,2,APARTAMENTOS,6,48,0,80,7690.51,115357650.0,1923.0,6341.77,30.32276478017966,15000.0
1313,12,DICIEMBRE,2025,2,URBANO,2,SISTEMA DE MUROS,20,SAMANA,3,COMBINADOS,1,4,5,6,664.0,9960000.0,166.0,630.0,26.34920634920635,15000.0
1314,12,DICIEMBRE,2025,2,URBANO,2,SISTEMA DE MUROS,9,ESPAILLAT,2,APARTAMENTOS,2,12,0,36,1587.21,23808150.0,396.75,974.87,40.6977340568486,15000.0
1315,12,DICIEMBRE,2025,2,URBANO,1,SISTEMA APORTICADO,20,SAMANA,2,APARTAMENTOS,2,8,0,14,980.3,16542562.5,326.0,1000.41,32.5866394778141,16875.0
1316,12,DICIEMBRE,2025,2,URBANO,2,SISTEMA DE MUROS,6,DUARTE,2,APARTAMENTOS,1,6,0,18,675.0,10125000.0,225.0,458.88,49.03242677824268,15000.0
1317,12,DICIEMBRE,2025,2,URBANO,2,SISTEMA DE MUROS,32,SANTO DOMINGO,2,APARTAMENTOS,39,624,0,1872,54595.25,737035875.0,13648.75,44869.0,30.419108961643897,13500.0
1318,12,DICIEMBRE,2025,2,URBANO,4,SISTEMA COMBINADO,1,DISTRITO NACIONAL,1,VIVIENDAS,1,1,0,3,890.0,12015000.0,270.0,297.18,90.85402786190187,13500.0
1319,12,DICIEMBRE,2025,2,URBANO,1,SISTEMA APORTICADO,32,SANTO DOMINGO,6,COMERCIAL Y OFICINAS,2,0,0,0,5209.1,70330950.0,5209.0,8006.14,65.06256448176025,13501.554971108251
1320,12,DICIEMBRE,2025,2,URBANO,1,SISTEMA APORTICADO,1,DISTRITO NACIONAL,6,COMERCIAL Y OFICINAS,1,0,0,0,1193.09,19507021.5,596.5,1559.12,38.258761352557855,16350.000000000002
1321,12,DICIEMBRE,2025,2,URBANO,1,SISTEMA APORTICADO,1,DISTRITO NACIONAL,2,APARTAMENTOS,1,18,0,30,3372.63,49231923.75,482.0,655.08,73.57879953593454,14597.487346670106
1322,12,DICIEMBRE,2025,2,URBANO,4,SISTEMA COMBINADO,1,DISTRITO NACIONAL,2,APARTAMENTOS,1,36,0,54,7624.37,125880570.75,760.0,760.58,99.92374240711037,16510.291440473116
1323,12,DICIEMBRE,2025,2,URBANO,1,SISTEMA APORTICADO,32,SANTO DOMINGO,2,APARTAMENTOS,1,4,0,11,630.0,8375220.0,126.0,290.15,43.42581423401689,13294.0
1324,12,DICIEMBRE,2025,2,URBANO,1,SISTEMA APORTICADO,11,LA ALTAGRACIA,1,VIVIENDAS,6,12,0,18,3653.8,43845600.0,1826.5,6528.79,27.97608745265202,12000.0
1325,12,DICIEMBRE,2025,2,URBANO,2,SISTEMA DE MUROS,13,LA VEGA,1,VIVIENDAS,1,1,0,4,433.9,6443415.0,361.16,750.38,48.13028065780005,14850.0
1326,12,DICIEMBRE,2025,2,URBANO,2,SISTEMA DE MUROS,22,SAN JUAN,2,APARTAMENTOS,1,4,0,12,464.9,6973500.0,116.0,240.0,48.333333333333336,15000.0
1327,12,DICIEMBRE,2025,2,URBANO,1,SISTEMA APORTICADO,32,SANTO DOMINGO,2,APARTAMENTOS,1,7,0,21,1417.04,20890633.5,283.4,547.15,51.79566846385817,14742.4444616948
1328,12,DICIEMBRE,2025,2,URBANO,2,SISTEMA DE MUROS,11,LA ALTAGRACIA,6,COMERCIAL Y OFICINAS,1,0,34,1,2944.78,45275992.5,1472.0,4000.0,36.8,15374.999999999998
1329,12,DICIEMBRE,2025,2,URBANO,1,SISTEMA APORTICADO,11,LA ALTAGRACIA,6,COMERCIAL Y OFICINAS,1,0,2,0,8003.79,120056850.0,2667.0,9094.77,29.324545865370975,15000.0
1330,12,DICIEMBRE,2025,2,URBANO,2,SISTEMA DE MUROS,11,LA ALTAGRACIA,16,OBRAS DE ORDEN SOCIAL,1,1,0,2,790.2,10964025.0,390.0,7167.94,5.440893757481229,13875.0
1331,12,DICIEMBRE,2025,2,URBANO,2,SISTEMA DE MUROS,11,LA ALTAGRACIA,2,APARTAMENTOS,10,168,0,233,18181.46,329311694.25,4545.25,18660.98,24.356973749502973,18112.5
1332,12,DICIEMBRE,2025,2,URBANO,2,SISTEMA DE MUROS,32,SANTO DOMINGO,2,APARTAMENTOS,0,0,0,0,0.0,0.0,0.0,3379.44,0.0,0.0
1333,12,DICIEMBRE,2025,2,URBANO,1,SISTEMA APORTICADO,32,SANTO DOMINGO,6,COMERCIAL Y OFICINAS,1,0,21,0,1695.14,22884390.0,847.5,2018.2,41.99286492914478,13500.0
1334,12,DICIEMBRE,2025,2,URBANO,2,SISTEMA DE MUROS,6,DUARTE,2,APARTAMENTOS,15,138,0,354,13100.0,176850000.0,4366.0,39770.0,10.978124214231833,13500.0
1335,12,DICIEMBRE,2025,3,SUB URBANO,1,SISTEMA APORTICADO,29,MONTE PLATA,10,ESTACION DE COMBUSTIBLE,1,0,0,0,400.03,5556016.67,400.03,4000.25,10.000124992187988,13889.0
1336,12,DICIEMBRE,2025,2,URBANO,2,SISTEMA DE MUROS,25,SANTIAGO,1,VIVIENDAS,1,1,0,3,300.0,4050000.0,150.0,319.34,46.97187950147179,13500.0
1337,12,DICIEMBRE,2025,2,URBANO,2,SISTEMA DE MUROS,13,LA VEGA,2,APARTAMENTOS,1,4,0,4,473.1,7983562.5,110.6,291.68,37.91826659352715,16875.0
1338,12,DICIEMBRE,2025,2,URBANO,1,SISTEMA APORTICADO,20,SAMANA,1,VIVIENDAS,3,3,0,3,885.4,11952900.0,443.0,1494.0,29.651941097724233,13500.0
1339,12,DICIEMBRE,2025,2,URBANO,1,SISTEMA APORTICADO,22,SAN JUAN,6,COMERCIAL Y OFICINAS,1,0,0,0,4135.42,62031300.0,2067.5,5000.0,41.349999999999994,15000.0
1340,12,DICIEMBRE,2025,2,URBANO,1,SISTEMA APORTICADO,1,DISTRITO NACIONAL,1,VIVIENDAS,1,1,0,4,1230.25,16608375.0,615.0,1172.11,52.46947812065421,13500.0
1341,12,DICIEMBRE,2025,2,URBANO,1,SISTEMA APORTICADO,1,DISTRITO NACIONAL,6,COMERCIAL Y OFICINAS,0,0,0,0,125.0,1875000.0,0.0,10136.99,0.0,15000.0
1342,12,DICIEMBRE,2025,2,URBANO,2,SISTEMA DE MUROS,11,LA ALTAGRACIA,2,APARTAMENTOS,3,36,0,77,4136.75,62051250.0,1034.0,4619.33,22.38419857425211,15000.0
1343,12,DICIEMBRE,2025,2,URBANO,1,SISTEMA APORTICADO,11,LA ALTAGRACIA,5,HOSPEDAJE,1,0,0,137,11436.63,188704395.0,2287.2,8162.36,28.021307563008733,16500.0
1344,12,DICIEMBRE,2025,2,URBANO,2,SISTEMA DE MUROS,11,LA ALTAGRACIA,2,APARTAMENTOS,10,42,0,54,5197.26,77958900.0,1732.0,3600.16,48.10897293453624,15000.0
1345,12,DICIEMBRE,2025,2,URBANO,2,SISTEMA DE MUROS,23,SAN PEDRO DE MACORIS,14,ESTRUCTURAS ESPECIALES,4,0,0,0,3886.3,59751862.5,3886.3,19999.48,19.43200523213604,15375.0
1346,12,DICIEMBRE,2025,2,URBANO,1,SISTEMA APORTICADO,32,SANTO DOMINGO,7,ALMACENES,1,0,0,0,1460.0,19710000.0,1460.0,9150.0,15.956284153005464,13500.0
1347,12,DICIEMBRE,2025,2,URBANO,2,SISTEMA DE MUROS,13,LA VEGA,2,APARTAMENTOS,1,8,0,24,934.7,15773062.5,230.2,500.0,46.04,16875.0
1348,12,DICIEMBRE,2025,2,URBANO,2,SISTEMA DE MUROS,25,SANTIAGO,2,APARTAMENTOS,1,6,0,12,518.0,7773000.0,173.0,405.0,42.71604938271605,15005.791505791505
1349,12,DICIEMBRE,2025,2,URBANO,2,SISTEMA DE MUROS,9,ESPAILLAT,2,APARTAMENTOS,3,20,0,60,2842.5,42637500.0,710.5,1914.46,37.1122927614053,15000.0
1350,12,DICIEMBRE,2025,2,URBANO,2,SISTEMA DE MUROS,32,SANTO DOMINGO,2,APARTAMENTOS,7,21,0,42,2982.91,35794920.0,1491.455,3706.55,40.23836181894214,12000.0
1351,12,DICIEMBRE,2025,2,URBANO,2,SISTEMA DE MUROS,12,LA ROMANA,2,APARTAMENTOS,1,12,0,24,1426.72,21400800.0,356.5,700.0,50.92857142857142,15000.0
1352,12,DICIEMBRE,2025,2,URBANO,2,SISTEMA DE MUROS,15,MONTE CRISTI,2,APARTAMENTOS,0,0,0,0,0.0,0.0,0.0,300.31,0.0,0.0
1353,12,DICIEMBRE,2025,2,URBANO,2,SISTEMA DE MUROS,20,SAMANA,1,VIVIENDAS,9,9,0,18,1323.0,19646550.0,662.0,3384.74,19.55837080543853,14850.0
1354,12,DICIEMBRE,2025,2,URBANO,1,SISTEMA APORTICADO,6,DUARTE,6,COMERCIAL Y OFICINAS,1,0,5,0,1586.0,23790000.0,1586.0,6119.61,25.916684233145578,15000.0
1355,12,DICIEMBRE,2025,2,URBANO,1,SISTEMA APORTICADO,32,SANTO DOMINGO,2,APARTAMENTOS,1,4,0,12,597.13,9180873.75,149.0,303.94,49.022833453971174,15375.0
1356,12,DICIEMBRE,2025,2,URBANO,2,SISTEMA DE MUROS,32,SANTO DOMINGO,2,APARTAMENTOS,0,0,0,0,0.0,0.0,0.0,3972.33,0.0,0.0
1357,12,DICIEMBRE,2025,2,URBANO,2,SISTEMA DE MUROS,25,SANTIAGO,3,COMBINADOS,1,1,1,3,333.45,5001750.0,181.4,211.73,85.67515231662968,15000.0
1358,12,DICIEMBRE,2025,2,URBANO,2,SISTEMA DE MUROS,25,SANTIAGO,6,COMERCIAL Y OFICINAS,1,0,12,0,1800.15,27014400.0,600.0,1525.22,39.338587220204296,15006.74943754687
1359,12,DICIEMBRE,2025,2,URBANO,2,SISTEMA DE MUROS,6,DUARTE,2,APARTAMENTOS,3,14,0,36,1729.0,25935000.0,576.0,1211.93,47.527497462724746,15000.0
1360,12,DICIEMBRE,2025,2,URBANO,2,SISTEMA DE MUROS,6,DUARTE,2,APARTAMENTOS,8,32,0,96,4690.0,70350000.0,1563.0,11221.44,13.928693643596542,15000.0
1361,12,DICIEMBRE,2025,2,URBANO,2,SISTEMA DE MUROS,19,HERMANAS MIRABAL,2,APARTAMENTOS,5,30,0,90,3630.0,54450000.0,1210.0,7645.44,15.826427255985267,15000.0
1362,12,DICIEMBRE,2025,2,URBANO,2,SISTEMA DE MUROS,6,DUARTE,2,APARTAMENTOS,1,6,0,18,631.0,9465000.0,210.0,341.55,61.48440931049627,15000.0
